Client_ID,WM,Trawl,CE,WC,WC_min,WC_max,Body_mass,Family,Species,Group,MS,percent_N,delta15N,percent_C,delta13C,CN,d13C_corrected,WC_mid,TLc,TLs
F7,NCC,5,6,0-0.5g,0,0.5,0.5,Gonostomatidae,cyclothone sp.,Other,Other,10.6,9.9,37.5,-20,3.537735849,-19.81764151,0.25,2.772058823529412,2.290493492368133
F8,NCC,5,6,0-0.5g,0,0.5,0.5,Gonostomatidae,cyclothone sp.,Other,Other,11.2,10,38.7,-19.5,3.455357143,-19.5,0.25,2.8014705882352944,2.3170262171044467
F9,NCC,5,6,0-0.5g,0,0.5,0.5,Gonostomatidae,cyclothone sp.,Other,Other,12.1,10.4,41.5,-19.5,3.429752066,-19.5,0.25,2.9191176470588234,2.425429739385038
T30,NCC,7,6,0-0.5g,0,0.5,0.1,Gonostomatidae,Sigmops elongatus,Other,Other,9,10.9,32.4,-19.5,3.6,-19.256,0.25,3.0661764705882355,2.566351284040577
F4,NCC,5,6,0-0.5g,0,0.5,0.5,Macroramphosidae,Macroramphosus scolopax,Other,Other,10.8,9.4,39.8,-20.3,3.685185185,-19.97166667,0.25,2.625,2.161054768004182
F5,NCC,5,6,0-0.5g,0,0.5,0.5,Macroramphosidae,Macroramphosus scolopax,Other,Other,11.2,9.4,41.3,-20.2,3.6875,-19.869375,0.25,2.625,2.161054768004182
D37,NCC,5,6,01-2g,0.5,1,1.247,Myctophidae,Diaphus brachycephalus,Mycto,Myctophidae,13,11.3,42.8,-19.1,3.292307692,-19.1,0.75,3.183823529411765,2.6837687718140986
D38,NCC,5,6,01-2g,1,2,2,Myctophidae,Diaphus brachycephalus,Mycto,Myctophidae,13.8,11.8,45,-18.9,3.260869565,-18.9,1.5,3.3308823529411766,2.8369182892289544
D39,NCC,5,6,04-8g,4,8,8,Myctophidae,Diaphus brachycephalus,Mycto,Myctophidae,14.1,12.5,45.7,-19.2,3.241134752,-19.2,6,3.536764705882353,3.0645402864879285
D40,NCC,5,6,0-0.5g,0,0.5,0.5,Myctophidae,Diaphus sp,Mycto,Myctophidae,12.1,10,40.9,-20.2,3.380165289,-20.2,0.25,2.8014705882352944,2.3170262171044467
M50,NCC,7,6,04-8g,4,8,7.65,Myctophidae,Lampadena sp.,Mycto,Myctophidae,12.9,10.6,42.8,-18.6,3.317829457,-18.6,6,2.977941176470588,2.4810506519096185
M51,NCC,7,6,01-2g,1,2,1.36,Myctophidae,Lampanyctus sp,Mycto,Myctophidae,11.5,10.6,37.6,-19.2,3.269565217,-19.2,1.5,2.977941176470588,2.4810506519096185
M52,NCC,7,6,01-2g,1,2,2,Myctophidae,Diaphus brachycephalus,Mycto,Myctophidae,13.5,11.4,43.5,-18.8,3.222222222,-18.8,1.5,3.213235294117647,2.7138138448831324
M53,NCC,7,6,02-4g,2,4,4,Myctophidae,Diaphus brachycephalus,Mycto,Myctophidae,13,11.8,42.6,-18.8,3.276923077,-18.8,3,3.3308823529411766,2.8369182892289544
M54,NCC,7,6,04-8g,4,8,8,Myctophidae,Diaphus hudsoni,Mycto,Myctophidae,12.9,11.2,46.1,-19.6,3.573643411,-19.38209302,6,3.1544117647058822,2.65400513114459
M55,NCC,7,6,0-0.5g,0,0.5,0.5,Myctophidae,Diaphus hudsoni,Mycto,Myctophidae,12.3,11,40.1,-19.3,3.260162602,-19.3,0.25,3.0955882352941178,2.595301397220066
M56,NCC,7,6,0-0.5g,0,0.5,0.5,Myctophidae,Diaphus danae,Mycto,Myctophidae,11.9,10.3,39.7,-19.8,3.336134454,-19.8,0.25,2.889705882352941,2.3979801791608653
M80,NCC,6,6,01-2g,1,2,2,Myctophidae,Diaphus perspicillatus,Mycto,Myctophidae,13.25617156,11.90024249,45.5582349,-19.57537345,3.436756586,-19.57537345,1.5,3.360365438235294,2.8685311731867165
M81,NCC,6,6,02-4g,2,4,4,Myctophidae,Diaphus perspicillatus,Mycto,Myctophidae,13.20081711,10.36426949,47.70979607,-19.18966173,3.614154767,-18.93164851,3,2.908608673529412,2.4155946224244254
M62,NCC,6,6,04-8g,4,8,8,Myctophidae,Myctophid,Mycto,Myctophidae,14.34790177,10.94857495,49.11830313,-19.41391727,3.423378826,-19.41391727,6,3.080463220588235,2.5803808465489855
M63,NCC,6,6,04-8g,4,8,8,Myctophidae,Myctophid,Mycto,Myctophidae,14.43168119,11.05160076,48.04368004,-19.1755795,3.3290425,-19.1755795,6,3.1107649294117645,2.6103436831023794
M64,NCC,6,6,02-4g,2,4,4,Myctophidae,Myctophid,Mycto,Myctophidae,13.22164437,10.93584733,46.18517411,-19.83453796,3.493149023,-19.83453796,3,3.0767198029411764,2.576698824107841
M85,NCC,6,6,0.5-1g,0.5,1,1,Myctophidae,Myctophid,Mycto,Myctophidae,13.22249054,10.54288786,44.10623009,-19.28717285,3.335697609,-19.28717285,0.75,2.9611434882352943,2.4650679406979403
M66,NCC,6,6,0.5-1g,0.5,1,1,Myctophidae,Myctophid,Mycto,Myctophidae,12.72487088,10.85559587,43.30903809,-19.294033,3.403495287,-19.294033,0.75,3.053116432352941,2.553580319989599
M67,NCC,6,6,04-8g,4,8,8,Myctophidae,Myctophid,Mycto,Myctophidae,14.33633734,11.013935,47.87024448,-19.09180538,3.339084686,-19.09180538,6,3.0996867647058823,2.599356615619909
M68,NCC,6,6,02-4g,2,4,4,Myctophidae,Myctophid,Mycto,Myctophidae,13.1008086,11.63768578,47.10879618,-19.76596687,3.595869354,-19.52605621,3,3.2831428764705883,2.7863879163978447
M69,NCC,8,6,0-0.5g,0,0.5,0.5,Myctophidae,Myctophid,Mycto,Myctophidae,12.05675669,11.60238064,41.76342297,-19.33067857,3.463901947,-19.33067857,0.25,3.272759011764706,2.7755025970482334
M70,NCC,8,6,04-8g,4,8,8,Myctophidae,Myctophid,Mycto,Myctophidae,13.3021396,12.22764781,43.76231501,-19.36223768,3.289870376,-19.36223768,6,3.4566611205882354,2.9740305520392853
M71,NCC,8,6,04-8g,4,8,8,Myctophidae,Myctophid,Mycto,Myctophidae,14.02897258,11.91390411,47.70998697,-19.13748629,3.400818321,-19.13748629,6,3.364383561764706,2.8728640137586634
N32,NCC,5,6,08-16g,8,16,11.42,Myctophidae,Nanobrachium atrum,Mycto,Myctophidae,12,11,38.7,-19.4,3.225,-19.4,12,3.0955882352941178,2.595301397220066
S04,NCC,5,6,02-4g,2,4,2.37,Myctophidae,Scopelopsis multipunctatus,Scope,Myctophidae,13.8,10.5,45.8,-19.6,3.31884058,-19.6,3,2.9485294117647056,2.4531184951764313
S05,NCC,5,6,0-0.5g,0,0.5,0.15,Myctophidae,Scopelopsis multipunctatus,Scope,Myctophidae,11.7,9.7,40.2,-20.3,3.435897436,-20.3,0.25,2.7132352941176467,2.238083588922515
S05,NCC,5,6,0-0.5g,1,2,0.15,Myctophidae,Scopelopsis multipunctatus,Scope,Myctophidae,12.5,9.6,42.3,-20.1,3.384,-20.1,1.5,2.6838235294117645,2.2121992801676438
S06,NCC,5,6,02-4g,2,4,2.77,Myctophidae,Scopelopsis multipunctatus,Scope,Myctophidae,14.2,11.3,45.6,-19.3,3.211267606,-19.3,3,3.183823529411765,2.6837687718140986
S07,NCC,5,6,02-4g,2,4,2.83,Myctophidae,Scopelopsis multipunctatus,Scope,Myctophidae,14.1,11.5,46.1,-19.5,3.269503546,-19.5,3,3.2426470588235294,2.7441457234089754
S08,NCC,5,6,0-0.5g,0,0.5,0.39,Myctophidae,Scopelopsis multipunctatus,Scope,Myctophidae,12.1,12.3,43.1,-19.4,3.561983471,-19.19363636,0.25,3.4779411764705883,2.9978247198886327
S09,NCC,6,6,02-4g,2,4,2.98,Myctophidae,Scopelopsis multipunctatus,Scope,Myctophidae,11.8,11.4,40,-19.3,3.389830508,-19.3,3,3.213235294117647,2.7138138448831324
S10,NCC,6,6,02-4g,2,4,2.7,Myctophidae,Scopelopsis multipunctatus,Scope,Myctophidae,12.3,10.9,40.2,-19.7,3.268292683,-19.7,3,3.0661764705882355,2.566351284040577
S17,NCC,5,6,02-4g,2,4,3.1,Myctophidae,Scopelopsis multipunctatus,Scope,Myctophidae,13.3,12.7,44.9,-19.5,3.37593985,-19.5,3,3.5955882352941173,3.1326867164211247
S18,NCC,5,6,02-4g,2,4,2.603,Myctophidae,Scopelopsis multipunctatus,Scope,Myctophidae,13.6,11.4,45.7,-19.6,3.360294118,-19.6,3,3.213235294117647,2.7138138448831324
S32,NCC,5,6,01-2g,1,2,2,Myctophidae,Scopelopsis multipunctatus,Scope,Myctophidae,13.7,11.3,44.7,-19.2,3.262773723,-19.2,1.5,3.183823529411765,2.6837687718140986
S34,NCC,5,6,02-4g,2,4,4,Myctophidae,Scopelopsis multipunctatus,Scope,Myctophidae,14.1,11.4,47.2,-19.8,3.34751773,-19.8,3,3.213235294117647,2.7138138448831324
S35,NCC,5,6,02-4g,2,4,4,Myctophidae,Scopelopsis multipunctatus,Scope,Myctophidae,13.7,11.7,46.1,-19.5,3.364963504,-19.5,3,3.301470588235294,2.805692171889792
S37,NCC,5,6,02-4g,2,4,4,Myctophidae,Scopelopsis multipunctatus,Scope,Myctophidae,13.5,10.9,45.6,-19.6,3.377777778,-19.6,3,3.0661764705882355,2.566351284040577
S38,NCC,5,6,02-4g,2,4,4,Myctophidae,Scopelopsis multipunctatus,Scope,Myctophidae,15.8,11,52.6,-19.6,3.329113924,-19.6,3,3.0955882352941178,2.595301397220066
S39,NCC,5,6,0-0.5g,0,0.5,0.5,Myctophidae,Scopelopsis multipunctatus,Scope,Myctophidae,11.9,10.5,41.4,-19.6,3.478991597,-19.6,0.25,2.9485294117647056,2.4531184951764313
S40,NCC,5,6,0-0.5g,0,0.5,0.5,Myctophidae,Scopelopsis multipunctatus,Scope,Myctophidae,11.9,10.6,41.6,-19.9,3.495798319,-19.9,0.25,2.977941176470588,2.4810506519096185
S42,NCC,5,6,0-0.5g,0,0.5,0.5,Myctophidae,Scopelopsis multipunctatus,Scope,Myctophidae,11.4,10.6,40.7,-20.2,3.570175439,-19.98552632,0.25,2.977941176470588,2.4810506519096185
S43,NCC,5,6,0-0.5g,0,0.5,0.5,Myctophidae,Scopelopsis multipunctatus,Scope,Myctophidae,11.5,10.2,40,-20,3.47826087,-20,0.25,2.860294117647059,2.370765717184467
S44,NCC,5,6,0-0.5g,0,0.5,0.5,Myctophidae,Scopelopsis multipunctatus,Scope,Myctophidae,11.4,10.2,40.1,-20.2,3.51754386,-20.03763158,0.25,2.860294117647059,2.370765717184467
S45,NCC,5,6,0-0.5g,0,0.5,0.5,Myctophidae,Scopelopsis multipunctatus,Scope,Myctophidae,11.2,12.3,38.9,-18.9,3.473214286,-18.9,0.25,3.4779411764705883,2.9978247198886327
S46,NCC,5,6,01-2g,1,2,2,Myctophidae,Scopelopsis multipunctatus,Scope,Myctophidae,10.8,12.8,42.6,-19.6,3.944444444,-19.015,1.5,3.6250000000000004,3.1673159459198543
F6,NCC,5,6,0-0.5g,0,0.5,0.445,Nomeidae,Psenes sp,Other,Other,11.1,8.5,39.8,-20.1,3.585585586,-19.87027027,0.25,2.360294117647059,1.9405759983149167
F10,NCC,8,6,04-8g,4,8,8,Paralepididae,Stemonosudis sp.,Other,Other,13.9045672,11.5140798,45.91534141,-19.16459449,3.302176957,-19.16459449,6,3.246788176470588,2.7484397397600286
POM1,NCC,NA,NA,NA,NA,NA,NA,Particulate Organic Matter,Particulate Organic Matter,POM,POM,0,4.7,0,-24,6.8,-20.588,NA,1.2426470588235294,1.1486489159959843
POM2,NCC,NA,NA,NA,NA,NA,NA,Particulate Organic Matter,Particulate Organic Matter,POM,POM,0,4,0,-24.5,6.9,-20.989,NA,1.036764705882353,1.022080404625744
POM3,NCC,NA,NA,NA,NA,NA,NA,Particulate Organic Matter,Particulate Organic Matter,POM,POM,0,2.6,0,-25.4,8.3,-20.503,NA,0.625,0.7831325224226775
POM4,NCC,NA,NA,NA,NA,NA,NA,Particulate Organic Matter,Particulate Organic Matter,POM,POM,0,4.2,0,-25.1,7.4,-21.094,NA,1.0955882352941178,1.0577313362393868
F3,NCC,7,6,0.5-1g,0.5,1,0.73,Phosichthyidae,Ichthyococcus australis,Other,Other,10.7,11.8,42.4,-19.7,3.962616822,-19.09700935,0.75,3.3308823529411766,2.8369182892289544
V18,NCC,7,6,0-0.5g,0,0.5,0.4,Phosichthyidae,Vinciguerria poweriae,Other,Other,11.5,11.3,39.9,-19.4,3.469565217,-19.4,0.25,3.183823529411765,2.6837687718140986
V19,NCC,7,6,0.5-1g,0.5,1,0.53,Phosichthyidae,Vinciguerria poweriae,Other,Other,11.5,11.8,39.9,-19.2,3.469565217,-19.2,0.75,3.3308823529411766,2.8369182892289544
V20,NCC,7,6,0-0.5g,0,0.5,0.41,Phosichthyidae,Vinciguerria poweriae,Other,Other,11.5,11.8,39.8,-19.3,3.460869565,-19.3,0.25,3.3308823529411766,2.8369182892289544
V21,NCC,8,6,0.5-1g,0.5,1,1,Phosichthyidae,Vinciguerria poweriae,Other,Other,13.21315842,11.26850403,45.33381087,-19.47690737,3.430959459,-19.47690737,0.75,3.1745600088235295,2.67436431346308
V22,NCC,8,6,0.5-1g,0.5,1,1,Phosichthyidae,Vinciguerria poweriae,Other,Other,13.3475912,10.91446769,45.63402378,-19.52488258,3.418895822,-19.52488258,0.75,3.070431673529412,2.5705234121873097
P06,NCC,6,6,0-0.5g,0,0.5,0.5,Pyrosomidae,Pyrosome,Pyro,Pyrosomes,3.966298135,5.555090727,20.4400759,-21.63757374,5.153439102,-19.85566903,0.25,1.4941443314705882,1.3104297286494513
P07,NCC,6,6,0-0.5g,0,0.5,0.5,Pyrosomidae,Pyrosome,Pyro,Pyrosomes,3.273632673,5.172716758,16.12529851,-21.47234915,4.925811819,-19.91579545,0.25,1.3816813994117647,1.2370657833808731
P08,NCC,6,6,0-0.5g,0,0.5,0.5,Pyrosomidae,Pyrosome,Pyro,Pyrosomes,4.276663736,5.855745778,22.26085635,-21.69632363,5.205192113,-19.86318344,0.25,1.582572287647059,1.3693283223307369
P09,NCC,6,6,0-0.5g,0,0.5,0.5,Pyrosomidae,Pyrosome,Pyro,Pyrosomes,4.40388726,6.180375982,22.12923313,-21.61862355,5.024931797,-19.96394107,0.25,1.6780517594117648,1.4341739245733383
A38,NCC,7,6,01-2g,1,2,1.27,Sternoptychidae,Argyropelecus aculeatus,Sternoptychidae,Sternoptychidae,12.3,11.1,40.5,-19.1,3.292682927,-19.1,1.5,3.125,2.6245176994067076
A39,NCC,6,6,02-4g,2,4,2.03,Sternoptychidae,Argyropelecus aculeatus,Sternoptychidae,Sternoptychidae,12.2,11.4,40.6,-18.9,3.327868852,-18.9,3,3.213235294117647,2.7138138448831324
A40,NCC,6,6,0-0.5g,0,0.5,0.4,Sternoptychidae,Argyropelecus aculeatus,Sternoptychidae,Sternoptychidae,11.5,11.3,38.9,-19.1,3.382608696,-19.1,0.25,3.183823529411765,2.6837687718140986
A41,NCC,6,6,0.5-1g,0.5,1,0.72,Sternoptychidae,Argyropelecus aculeatus,Sternoptychidae,Sternoptychidae,12.9,11.2,43.6,-19.1,3.379844961,-19.1,0.75,3.1544117647058822,2.65400513114459
A42,NCC,6,6,02-4g,2,4,3.74,Sternoptychidae,Argyropelecus aculeatus,Sternoptychidae,Sternoptychidae,13.3,11.4,43.7,-18.9,3.285714286,-18.9,3,3.213235294117647,2.7138138448831324
A43,NCC,6,6,01-2g,1,2,1.8,Sternoptychidae,Argyropelecus aculeatus,Sternoptychidae,Sternoptychidae,11.2,11.7,38.1,-19,3.401785714,-19,1.5,3.301470588235294,2.805692171889792
A44,NCC,6,6,01-2g,1,2,1.2,Sternoptychidae,Argyropelecus aculeatus,Sternoptychidae,Sternoptychidae,11.3,10.7,39.1,-20.3,3.460176991,-20.3,1.5,3.0073529411764706,2.5092305268475448
A45,NCC,6,6,0.5-1g,0.5,1,0.9,Sternoptychidae,Argyropelecus aculeatus,Sternoptychidae,Sternoptychidae,11.1,11.3,38.1,-19.7,3.432432432,-19.7,0.75,3.183823529411765,2.6837687718140986
A46,NCC,6,6,01-2g,1,2,1.4,Sternoptychidae,Argyropelecus aculeatus,Sternoptychidae,Sternoptychidae,12.49589795,11.52608772,40.63607733,-18.96103057,3.25195336,-18.96103057,1.5,3.250319917647059,2.752106470579795
A47,NCC,6,6,0.5-1g,0.5,1,0.7,Sternoptychidae,Argyropelecus aculeatus,Sternoptychidae,Sternoptychidae,12.56445373,11.37803399,41.73951336,-19.15992091,3.322031682,-19.15992091,0.75,3.2067747029411766,2.707189750117708
A49,NCC,6,6,01-2g,1,2,1.7,Sternoptychidae,Argyropelecus aculeatus,Sternoptychidae,Sternoptychidae,11.34110025,11.92790996,40.08052393,-18.95390287,3.534094845,-18.77514897,1.5,3.3685029294117643,2.8773121702510864
A49,NCC,6,6,01-2g,1,2,1.7,Sternoptychidae,Argyropelecus aculeatus,Sternoptychidae,Sternoptychidae,12.33575937,11.93864185,40.08052393,-18.95390287,3.249133088,-18.95390287,1.5,3.3716593676470588,2.8807247594069896
A50,NCC,6,6,0.5-1g,0.5,1,0.9,Sternoptychidae,Argyropelecus aculeatus,Sternoptychidae,Sternoptychidae,11.54350234,11.69855957,37.54978662,-19.05609411,3.25289375,-19.05609411,0.75,3.3010469323529414,2.8052446159153774
A51,NCC,6,6,04-8g,4,8,4.03,Sternoptychidae,Argyropelecus aculeatus,Sternoptychidae,Sternoptychidae,12.3,11.6,39.4,-19,3.203252033,-19,6,3.2720588235294117,2.774769935805299
A52,NCC,6,6,04-8g,4,8,4.2,Sternoptychidae,Argyropelecus aculeatus,Sternoptychidae,Sternoptychidae,12.2,11.5,39.4,-19,3.229508197,-19,6,3.2426470588235294,2.7441457234089754
A53,NCC,6,6,0-0.5g,0,0.5,0.4,Sternoptychidae,Argyropelecus aculeatus,Sternoptychidae,Sternoptychidae,11.4,11.5,37.6,-19.1,3.298245614,-19.1,0.25,3.2426470588235294,2.7441457234089754
A54,NCC,6,6,0.5-1g,0.5,1,0.73,Sternoptychidae,Argyropelecus aculeatus,Sternoptychidae,Sternoptychidae,10.8,11.2,35.3,-19.1,3.268518519,-19.1,0.75,3.1544117647058822,2.65400513114459
A55,NCC,6,6,02-4g,2,4,2.2,Sternoptychidae,Argyropelecus aculeatus,Sternoptychidae,Sternoptychidae,12.4,11.6,40.2,-18.9,3.241935484,-18.9,3,3.2720588235294117,2.774769935805299
A56,NCC,6,6,01-2g,1,2,1.2,Sternoptychidae,Argyropelecus aculeatus,Sternoptychidae,Sternoptychidae,12.1,11.5,39.1,-19.1,3.231404959,-19.1,1.5,3.2426470588235294,2.7441457234089754
A57,NCC,6,6,0-0.5g,0,0.5,0.48,Sternoptychidae,Argyropelecus aculeatus,Sternoptychidae,Sternoptychidae,11.9,11.4,39.6,-19.1,3.327731092,-19.1,0.25,3.213235294117647,2.7138138448831324
A58,NCC,6,6,0-0.5g,0,0.5,0.47,Sternoptychidae,Argyropelecus aculeatus,Sternoptychidae,Sternoptychidae,11.1,10.9,37.7,-19.2,3.396396396,-19.2,0.25,3.0661764705882355,2.566351284040577
A7,NCC,5,6,04-8g,4,8,6.3,Sternoptychidae,Argyropelecus aculeatus,Sternoptychidae,Sternoptychidae,13.3,11.2,42.9,-19.1,3.22556391,-19.1,6,3.1544117647058822,2.65400513114459
A8,NCC,5,6,02-4g,2,4,2.63,Sternoptychidae,Argyropelecus aculeatus,Sternoptychidae,Sternoptychidae,12.9,11.2,41.5,-19.3,3.217054264,-19.3,3,3.1544117647058822,2.65400513114459
A9,NCC,5,6,0.5-1g,0.5,1,0.88,Sternoptychidae,Argyropelecus aculeatus,Sternoptychidae,Sternoptychidae,12,11.1,39.1,-19.3,3.258333333,-19.3,0.75,3.125,2.6245176994067076
T07,NCC,5,6,01-2g,1,2,1.11,Stomiidae,Malacosteus australis,Tooth,Stomiidae,12.1,10.7,38.5,-19,3.181818182,-19,1.5,3.0073529411764706,2.5092305268475448
T08,NCC,5,6,08-16g,8,16,9.55,Stomiidae,Chauliodus sloani,Tooth,Stomiidae,12.7,11,41.6,-19.1,3.275590551,-19.1,12,3.0955882352941178,2.595301397220066
T11,NCC,5,6,0.5-1g,0.5,1,0.59,Stomiidae,Chauliodus sloani,Tooth,Stomiidae,11,10.3,38.2,-19.4,3.472727273,-19.4,0.75,2.889705882352941,2.3979801791608653
T12,NCC,5,6,04-8g,4,8,7.98,Stomiidae,Malacosteus australis,Tooth,Stomiidae,11,12.4,37.1,-18.8,3.372727273,-18.8,6,3.5073529411764706,3.03100741051872
T14,NCC,5,6,02-4g,2,4,3.51,Stomiidae,Chauliodus sloani,Tooth,Stomiidae,11.5,11.7,39.3,-19.2,3.417391304,-19.2,3,3.301470588235294,2.805692171889792
T15,NCC,5,6,0.5-1g,0.5,1,0.78,Stomiidae,Chauliodus sloani,Tooth,Stomiidae,11.5,10.6,39.3,-18.9,3.417391304,-18.9,0.75,2.977941176470588,2.4810506519096185
T16,NCC,5,6,0.5-1g,0.5,1,0.59,Stomiidae,Chauliodus sloani,Tooth,Stomiidae,11.4,10.5,39.7,-19.3,3.48245614,-19.3,0.75,2.9485294117647056,2.4531184951764313
T17,NCC,5,6,0.5-1g,0.5,1,0.73,Stomiidae,Chauliodus sloani,Tooth,Stomiidae,11.2,12.3,39.5,-19,3.526785714,-18.82848214,0.75,3.4779411764705883,2.9978247198886327
T19,NCC,5,6,02-4g,2,4,2.23,Stomiidae,Chauliodus sloani,Tooth,Stomiidae,11.6,11.7,40.3,-19.2,3.474137931,-19.2,3,3.301470588235294,2.805692171889792
T27,NCC,7,6,0-0.5g,0,0.5,0.23,Stomiidae,Leptostomias sp.,Tooth,Stomiidae,8.7,8.8,31.7,-19.3,3.643678161,-19.01275862,0.25,2.448529411764706,2.0123824298853235
T27,NCC,7,6,0-0.5g,0,0.5,0.23,Stomiidae,Leptostomias sp.,Tooth,Stomiidae,9.1,8.9,31.1,-19.3,3.417582418,-19.3,0.25,2.4779411764705883,2.0366830912907172
T28,NCC,7,6,01-2g,1,2,1.34,Stomiidae,Chauliodus sloani,Tooth,Stomiidae,10.4,11,36.8,-19.1,3.538461538,-18.91692308,1.5,3.0955882352941178,2.595301397220066
T29,NCC,7,6,0.5-1g,0.5,1,0.6,Stomiidae,Chauliodus sloani,Tooth,Stomiidae,10.9,10.7,37.6,-19.4,3.449541284,-19.4,0.75,3.0073529411764706,2.5092305268475448
T31,NCC,6,6,01-2g,1,2,1.29,Stomiidae,Malacosteus australis,Tooth,Stomiidae,11.1,10.9,37.9,-19.1,3.414414414,-19.1,1.5,3.0661764705882355,2.566351284040577
T32,NCC,6,6,0.5-1g,0.5,1,0.58,Stomiidae,Chauliodus sloani,Tooth,Stomiidae,11.3,10.9,38.4,-19.3,3.398230088,-19.3,0.75,3.0661764705882355,2.566351284040577
T34,NCC,8,6,02-4g,2,4,4,Stomiidae,Chauliodus sloani,Tooth,Stomiidae,11.82383388,10.75636361,38.93098026,-19.48143513,3.292585186,-19.48143513,3,3.0239304735294117,2.525224545865327
ZOO01-125,NCC,EZ3,NA,0.000001-0.000008g,1e-6,8.18e-6,8.18e-6,Zooplankton,Zooplankton,Zoo,Zooplankton,5.4,6.8,25.1,-20.6,4.648148148,-19.31833333,4.59e-6,1.8602941176470589,1.5617436452711475
ZOO02-250,NCC,EZ3,NA,0.000008-0.000065g,8.18e-6,6.54e-5,6.54e-5,Zooplankton,Zooplankton,Zoo,Zooplankton,8.6,7.2,37.1,-21.2,4.313953488,-20.24918605,3.6790000000000005e-5,1.9779411764705883,1.6469031510952734
ZOO03-500,NCC,EZ3,NA,0.000065-0.000524g,6.54e-5,5.24e-4,5.24e-4,Zooplankton,Zooplankton,Zoo,Zooplankton,1.9,9,11.1,-21.3,5.842105263,-18.83631579,2.947e-4,2.5073529411764706,2.0611710295129573
ZOO03-500,NCC,EZ3,NA,0.000065-0.000524g,6.54e-5,5.24e-4,5.24e-4,Zooplankton,Zooplankton,Zoo,Zooplankton,2,9,11.1,-21.3,5.55,-19.1255,2.947e-4,2.5073529411764706,2.0611710295129573
ZOO04-1000,NCC,EZ3,NA,0.000524-0.004189g,5.24e-4,0.00418879,0.00418879,Zooplankton,Zooplankton,Zoo,Zooplankton,5.2,9.2,27.2,-21.7,5.230769231,-19.84153846,0.0023563950000000003,2.566176470588235,2.1107204406723046
ZOO05-2000,NCC,EZ3,NA,0.004189-0.03351g,0.00418879,0.033510322,0.033510322,Zooplankton,Zooplankton,Zoo,Zooplankton,5.5,7.7,26.5,-21.1,4.818181818,-19.65,0.018849556,2.125,1.7566659729784426
T23,NWC,11,6,0-0.5g,0,0.5,0.5,Gonostomatidae,Sigmops elongatus,Other,Other,10.8,10.1,35.4,-19.2,3.277777778,-19.2,0.25,2.735294117647059,2.2860510242816465
T24,NWC,11,6,0-0.5g,0,0.5,0.5,Gonostomatidae,Sigmops elongatus,Other,Other,10.3,10.1,37.1,-19.1,3.601941748,-18.85407767,0.25,2.735294117647059,2.2860510242816465
T36,NWC,10,6,02-4g,2,4,4,Gonostomatidae,Sigmops elongatus,Other,Other,12.04675396,9.949483477,39.86920476,-18.91630445,3.309539225,-18.91630445,3,2.691024552058823,2.2458637807287802
M12,NWC,13,6,0-0.5g,0,0.5,0.5,Myctophidae,Scopelopsis multipunctatus,Scope,Myctophidae,11.2,8.5,39.2,-20.5,3.5,-20.355,0.25,2.264705882352941,1.88284466207553
M13,NWC,13,6,0-0.5g,0,0.5,0.5,Myctophidae,Scopelopsis multipunctatus,Scope,Myctophidae,11.5,9.3,39.4,-19.6,3.426086957,-19.6,0.25,2.5,2.0780566024309968
M14,NWC,13,6,0-0.5g,0,0.5,0.07,Myctophidae,Scopelopsis multipunctatus,Scope,Myctophidae,11.2,8.7,39.1,-19.7,3.491071429,-19.7,0.25,2.3235294117647056,1.9305348663040864
M15,NWC,13,6,0-0.5g,0,0.5,0.1172,Myctophidae,Scopelopsis multipunctatus,Scope,Myctophidae,12.1,9.1,40.8,-20.2,3.371900826,-20.2,0.25,2.4411764705882355,2.0281178173014203
M16,NWC,13,6,0-0.5g,0,0.5,0.065,Myctophidae,Scopelopsis multipunctatus,Scope,Myctophidae,12.1,8,39.4,-19.9,3.256198347,-19.9,0.25,2.1176470588235294,1.7666596582435516
M17,NWC,10,6,0.5-1g,0.5,1,0.56,Myctophidae,Ceratoscopelus warmingii,Cerato,Myctophidae,11.9,9.4,40.2,-19.5,3.378151261,-19.5,0.75,2.5294117647058822,2.103323431764795
M18,NWC,10,6,0.5-1g,0.5,1,0.94,Myctophidae,Ceratoscopelus warmingii,Cerato,Myctophidae,12.6,10.9,40.6,-18.5,3.222222222,-18.5,0.75,2.9705882352941178,2.5086199478011904
M19,NWC,10,6,0.5-1g,0.5,1,0.833,Myctophidae,Ceratoscopelus warmingii,Cerato,Myctophidae,12.3,9.6,40.8,-19.1,3.317073171,-19.1,0.75,2.5882352941176467,2.1544679439282577
M20,NWC,10,6,01-2g,1,2,1.01,Myctophidae,Ceratoscopelus warmingii,Cerato,Myctophidae,11.5,9.5,39.8,-19.6,3.460869565,-19.6,1.5,2.5588235294117645,2.1287927879408177
M21,NWC,10,6,01-2g,1,2,1.35,Myctophidae,Ceratoscopelus warmingii,Cerato,Myctophidae,12.2,9.7,43.8,-19.5,3.590163934,-19.26573771,1.5,2.617647058823529,2.180352252683128
M22,NWC,10,6,01-2g,1,2,1.25,Myctophidae,Ceratoscopelus warmingii,Cerato,Myctophidae,12.8,9.5,42.3,-19.3,3.3046875,-19.3,1.5,2.5588235294117645,2.1287927879408177
M23,NWC,10,6,01-2g,1,2,1.45,Myctophidae,Ceratoscopelus warmingii,Cerato,Myctophidae,12,9.5,43.6,-19.8,3.633333333,-19.523,1.5,2.5588235294117645,2.1287927879408177
M24,NWC,10,6,01-2g,1,2,1.66,Myctophidae,Ceratoscopelus warmingii,Cerato,Myctophidae,12.5,9.6,42.3,-19.3,3.384,-19.3,1.5,2.5882352941176467,2.1544679439282577
M25,NWC,10,6,08-16g,8,16,10.67,Myctophidae,Myctophum phengodes,Mycto,Myctophidae,14.1,11.5,45.6,-18.6,3.234042553,-18.6,12,3.1470588235294117,2.686414387169589
M26,NWC,10,6,08-16g,8,16,8.99,Myctophidae,Myctophum phengodes,Mycto,Myctophidae,14,11,46.2,-19.2,3.3,-19.2,12,3,2.5375700609806793
M27,NWC,10,6,02-4g,2,4,2.78,Myctophidae,Hygophum hygomii,Hygo,Myctophidae,13.5,11.6,45,-18.9,3.333333333,-18.9,3,3.176470588235294,2.717038599565912
M28,NWC,10,6,02-4g,2,4,2.08,Myctophidae,Hygophum hygomii,Hygo,Myctophidae,12.8,10.2,44.1,-19.2,3.4453125,-19.2,3,2.764705882352941,2.3130343809450804
M29,NWC,10,6,02-4g,2,4,2.94,Myctophidae,Hygophum hygomii,Hygo,Myctophidae,12.8,11.5,46,-19.1,3.59375,-18.8621875,3,3.1470588235294117,2.686414387169589
M30,NWC,10,6,02-4g,2,4,2.7,Myctophidae,Hygophum hygomii,Hygo,Myctophidae,11.7,10.3,41,-19.4,3.504273504,-19.25076923,3,2.794117647058824,2.3402488429214783
M31,NWC,10,6,02-4g,2,4,2.28,Myctophidae,Hygophum hygomii,Hygo,Myctophidae,12.3,10.9,43.2,-19.2,3.512195122,-19.04292683,3,2.9705882352941178,2.5086199478011904
M32,NWC,10,6,02-4g,2,4,2.46,Myctophidae,Hygophum hygomii,Hygo,Myctophidae,13.1,11.8,45.8,-19.2,3.496183206,-19.2,3,3.235294117647059,2.7791869529895674
M33,NWC,10,6,02-4g,2,4,2.97,Myctophidae,Hygophum hygomii,Hygo,Myctophidae,13,12.1,45.2,-19.1,3.476923077,-19.1,3,3.3235294117647056,2.874749826641924
M34,NWC,10,6,02-4g,2,4,2.34,Myctophidae,Hygophum hygomii,Hygo,Myctophidae,13.1,11.9,44.7,-19.1,3.41221374,-19.1,3,3.264705882352941,2.8107229835583647
M35,NWC,10,6,02-4g,2,4,2.9,Myctophidae,Hygophum hygomii,Hygo,Myctophidae,13.2,11.6,47.2,-19.1,3.575757576,-18.88,3,3.176470588235294,2.717038599565912
M36,NWC,10,6,02-4g,2,4,2.61,Myctophidae,Hygophum hygomii,Hygo,Myctophidae,13.1,12,45.8,-19.2,3.496183206,-19.2,3,3.2941176470588234,2.842575140733693
M37,NWC,10,6,02-4g,2,4,3.78,Myctophidae,Hygophum hygomii,Hygo,Myctophidae,13,11,44.4,-18.7,3.415384615,-18.7,3,3,2.5375700609806793
M38,NWC,10,6,02-4g,2,4,3.42,Myctophidae,Hygophum hygomii,Hygo,Myctophidae,13.1,11.7,44.5,-19,3.396946565,-19,3,3.205882352941176,2.7479608356504057
M38,NWC,10,6,02-4g,2,4,3.42,Myctophidae,Hygophum hygomii,Hygo,Myctophidae,13.2,11.4,43.7,-18.9,3.310606061,-18.9,3,3.1176470588235294,2.656082508643746
M39,NWC,10,6,02-4g,2,4,2.89,Myctophidae,Hygophum hygomii,Hygo,Myctophidae,13.1,10.5,49.5,-19.7,3.778625954,-19.27916031,3,2.8529411764705883,2.3953871589370443
M40,NWC,10,6,02-4g,2,4,2.81,Myctophidae,Hygophum hygomii,Hygo,Myctophidae,12,10.9,41.7,-19.4,3.475,-19.4,3,2.9705882352941178,2.5086199478011904
M41,NWC,10,6,02-4g,2,4,2.28,Myctophidae,Hygophum hygomii,Hygo,Myctophidae,13.1,11.5,48.3,-19.5,3.687022901,-19.16984733,3,3.1470588235294117,2.686414387169589
M43,NWC,10,6,02-4g,2,4,3.15,Myctophidae,Diaphus perspicillatus,Mycto,Myctophidae,12.7,11.6,46.2,-19.4,3.637795276,-19.11858268,3,3.176470588235294,2.717038599565912
M44,NWC,10,6,02-4g,2,4,3.1,Myctophidae,Diaphus perspicillatus,Mycto,Myctophidae,11.3,11.1,47.7,-20.8,4.221238938,-19.94097345,3,3.0294117647058822,2.566786363167321
M45,NWC,10,6,02-4g,2,4,2.69,Myctophidae,Diaphus perspicillatus,Mycto,Myctophidae,12.1,11.2,44,-19.9,3.636363636,-19.62,3,3.0588235294117645,2.596273794905203
M46,NWC,10,6,02-4g,2,4,2.74,Myctophidae,Diaphus perspicillatus,Mycto,Myctophidae,12.5,11,45.4,-19.2,3.632,-18.92432,3,3,2.5375700609806793
M47,NWC,10,6,02-4g,2,4,3.66,Myctophidae,Ceratoscopelus warmingii,Cerato,Myctophidae,12.4,9.8,44.8,-19.6,3.612903226,-19.34322581,3,2.647058823529412,2.2064491497760326
M48,NWC,10,6,02-4g,2,4,2.4,Myctophidae,Notoscopelus sp,Mycto,Myctophidae,13.8,11.4,44.7,-18.9,3.239130435,-18.9,3,3.1176470588235294,2.656082508643746
M49,NWC,10,6,02-4g,2,4,2.35,Myctophidae,Notoscopelus sp,Mycto,Myctophidae,13.7,11.7,44.2,-18.8,3.226277372,-18.8,3,3.205882352941176,2.7479608356504057
M57,NWC,13,6,0-0.5g,0,0.5,0.27,Myctophidae,Diaphus perspicillatus,Mycto,Myctophidae,13.5,11.4,45,-19.2,3.333333333,-19.2,0.25,3.1176470588235294,2.656082508643746
M58,NWC,13,6,02-4g,2,4,2.81,Myctophidae,Hygophum hygomii,Hygo,Myctophidae,12.4,12.1,42.1,-19.3,3.39516129,-19.3,3,3.3235294117647056,2.874749826641924
M59,NWC,13,6,02-4g,2,4,2.8,Myctophidae,Lobianchia doefleni,Mycto,Myctophidae,11.8,10.1,40.4,-19.2,3.423728814,-19.2,3,2.735294117647059,2.2860510242816465
M60,NWC,13,6,01-2g,2,4,1.1,Myctophidae,Lobianchia doefleni,Mycto,Myctophidae,12,9.7,40.5,-19.3,3.375,-19.3,3,2.617647058823529,2.180352252683128
M61,NWC,13,6,01-2g,2,4,1.21,Myctophidae,Lobianchia doefleni,Mycto,Myctophidae,12.3,9.8,41.2,-19.3,3.349593496,-19.3,3,2.647058823529412,2.2064491497760326
M82,NWC,13,6,01-2g,2,4,1.57,Myctophidae,Lobianchia doefleni,Mycto,Myctophidae,11.8,9.9,40.8,-19.3,3.457627119,-19.3,3,2.6764705882352944,2.2327621561287465
M83,NWC,13,6,0.5-1g,0.5,1,0.51,Myctophidae,Hygophum hygomii,Hygo,Myctophidae,12.1,10.1,40.6,-19.2,3.355371901,-19.2,0.75,2.735294117647059,2.2860510242816465
M84,NWC,13,6,0.5-1g,0.5,1,0.6,Myctophidae,Lobianchia doefleni,Mycto,Myctophidae,12.4,9.7,41.6,-19.8,3.35483871,-19.8,0.75,2.617647058823529,2.180352252683128
M65,NWC,13,6,0.5-1g,0.5,1,0.91,Myctophidae,Lobianchia doefleni,Mycto,Myctophidae,12.4,9.8,41.8,-19.2,3.370967742,-19.2,0.75,2.647058823529412,2.2064491497760326
M72,NWC,13,6,0.5-1g,0.5,1,1,Myctophidae,Myctophid,Mycto,Myctophidae,12.86591952,10.11069669,45.29298338,-19.87296534,3.520384478,-19.70778471,0.75,2.7384402029411765,2.2889264302565233
M73,NWC,13,6,0.5-1g,0.5,1,1,Myctophidae,Myctophid,Mycto,Myctophidae,13.29488215,10.41309394,46.66462304,-19.27778898,3.509968912,-19.12291976,0.75,2.827380570588235,2.371310253570447
M74,NWC,13,6,0.5-1g,0.5,1,1,Myctophidae,Myctophid,Mycto,Myctophidae,13.1233321,9.886096051,44.98386974,-19.34844046,3.427778052,-19.34844046,0.75,2.6723811914705884,2.2290905411433037
M75,NWC,13,6,0.5-1g,0.5,1,1,Myctophidae,Myctophid,Mycto,Myctophidae,12.79522586,11.10758729,44.96343567,-19.17316773,3.514079092,-19.01422943,0.75,3.0316433205882354,2.5690140918305833
S20,NWC,13,6,0-0.5g,0,0.5,0.1355,Myctophidae,Scopelopsis multipunctatus,Scope,Myctophidae,12,9.5,39.2,-19.5,3.266666667,-19.5,0.25,2.5588235294117645,2.1287927879408177
S21,NWC,13,6,0-0.5g,0,0.5,0.133,Myctophidae,Scopelopsis multipunctatus,Scope,Myctophidae,12.1,9.3,40.5,-19.6,3.347107438,-19.6,0.25,2.5,2.0780566024309968
S22,NWC,13,6,0-0.5g,0,0.5,0.1269,Myctophidae,Scopelopsis multipunctatus,Scope,Myctophidae,11.4,9.2,39.5,-19.5,3.464912281,-19.5,0.25,2.4705882352941178,2.0529891044329176
S23,NWC,13,6,0-0.5g,0,0.5,0.1518,Myctophidae,Scopelopsis multipunctatus,Scope,Myctophidae,11.2,9.3,38.7,-19.7,3.455357143,-19.7,0.25,2.5,2.0780566024309968
S24,NWC,13,6,0-0.5g,0,0.5,0.1684,Myctophidae,Scopelopsis multipunctatus,Scope,Myctophidae,11.2,9.5,38.9,-19.6,3.473214286,-19.6,0.25,2.5588235294117645,2.1287927879408177
S25,NWC,13,6,0-0.5g,0,0.5,0.1795,Myctophidae,Scopelopsis multipunctatus,Scope,Myctophidae,12,9.4,40.6,-19.4,3.383333333,-19.4,0.25,2.5294117647058822,2.103323431764795
S26,NWC,13,6,0-0.5g,0,0.5,0.123,Myctophidae,Scopelopsis multipunctatus,Scope,Myctophidae,11.1,9,38.8,-20.3,3.495495495,-20.3,0.25,2.4117647058823533,2.0034396932735707
S27,NWC,13,6,0-0.5g,0,0.5,0.1852,Myctophidae,Scopelopsis multipunctatus,Scope,Myctophidae,12,9.3,40.6,-19.4,3.383333333,-19.4,0.25,2.5,2.0780566024309968
POM5,NWC,NA,NA,NA,NA,NA,NA,Particulate Organic Matter,Particulate Organic Matter,POM,POM,0,4.9,0,-24.8,7.1,-21.091,NA,1.2058823529411766,1.1280257294126164
POM6,NWC,NA,NA,NA,NA,NA,NA,Particulate Organic Matter,Particulate Organic Matter,POM,POM,0,2.7,0,-25.2,7.8,-20.798,NA,0.5588235294117647,0.7418856245271007
POM7,NWC,NA,NA,NA,NA,NA,NA,Particulate Organic Matter,Particulate Organic Matter,POM,POM,0,3,0,-26,7.8,-21.598,NA,0.6470588235294117,0.7918583467406031
POM8,NWC,NA,NA,NA,NA,NA,NA,Particulate Organic Matter,Particulate Organic Matter,POM,POM,0,6.2,0,-24.8,6.4,-21.784,NA,1.5882352941176472,1.380405271088205
V07,NWC,13,6,0.5-1g,0.5,1,0.64,Phosichthyidae,Vinciguerria poweriae,Other,Other,11.4,10.6,40.1,-19.2,3.51754386,-19.03763158,0.75,2.8823529411764706,2.4233193156702315
V08,NWC,13,6,0.5-1g,0.5,1,0.99,Phosichthyidae,Vinciguerria poweriae,Other,Other,11.8,10.2,41.2,-19.2,3.491525424,-19.2,0.75,2.764705882352941,2.3130343809450804
V09,NWC,13,6,0.5-1g,0.5,1,0.91,Phosichthyidae,Vinciguerria poweriae,Other,Other,11.2,10.3,38.9,-19.3,3.473214286,-19.3,0.75,2.794117647058824,2.3402488429214783
V11,NWC,13,6,0-0.5g,0,0.5,0.15,Phosichthyidae,Vinciguerria poweriae,Other,Other,11,10,39.3,-19.5,3.572727273,-19.283,0.25,2.7058823529411766,2.25929488086506
V12,NWC,13,6,0.5-1g,0.5,1,0.68,Phosichthyidae,Vinciguerria poweriae,Other,Other,11.4,10.4,39.8,-19.3,3.49122807,-19.3,0.75,2.823529411764706,2.3676984031456514
V13,NWC,13,6,0-0.5g,0,0.5,0.48,Phosichthyidae,Vinciguerria poweriae,Other,Other,8.8,10.5,30.9,-19.1,3.511363636,-18.94375,0.25,2.8529411764705883,2.3953871589370443
V14,NWC,13,6,0-0.5g,0,0.5,0.29,Phosichthyidae,Vinciguerria poweriae,Other,Other,10.9,10.3,38.7,-19.2,3.550458716,-19.00504587,0.25,2.794117647058824,2.3402488429214783
V14,NWC,13,6,0-0.5g,0,0.5,0.29,Phosichthyidae,Vinciguerria poweriae,Other,Other,11.3,10.2,38.1,-19.2,3.371681416,-19.2,0.25,2.764705882352941,2.3130343809450804
V16,NWC,13,6,0-0.5g,0,0.5,0.13,Phosichthyidae,Vinciguerria poweriae,Other,Other,11.3,9.9,40.2,-19.3,3.557522124,-19.0980531,0.25,2.6764705882352944,2.2327621561287465
V17,NWC,13,6,0.5-1g,0.5,1,0.55,Phosichthyidae,Vinciguerria poweriae,Other,Other,11.3,10.5,39.6,-19,3.504424779,-18.85061947,0.75,2.8529411764705883,2.3953871589370443
P01,NWC,13,6,0-0.5g,0,0.5,0.5,Pyrosomidae,Pyrosome,Pyro,Pyrosomes,3.4,5.2,18.5,-21.8,5.441176471,-19.73323529,0.25,1.2941176470588236,1.1845133798286527
P02,NWC,13,6,0-0.5g,0,0.5,0.5,Pyrosomidae,Pyrosome,Pyro,Pyrosomes,4.4,5.3,22.8,-22,5.181818182,-20.19,0.25,1.3235294117647058,1.203567977061026
P03,NWC,13,6,0-0.5g,0,0.5,0.5,Pyrosomidae,Pyrosome,Pyro,Pyrosomes,4.1,5.3,21,-22.2,5.12195122,-20.44926829,0.25,1.3235294117647058,1.203567977061026
P04,NWC,15,6,0-0.5g,0,0.5,0.5,Pyrosomidae,Pyrosome,Pyro,Pyrosomes,4.1,5.1,21,-22.7,5.12195122,-20.94926829,0.25,1.2647058823529411,1.165572366254786
P05,NWC,15,6,0-0.5g,0,0.5,0.5,Pyrosomidae,Pyrosome,Pyro,Pyrosomes,2.7,6,17.3,-21.6,6.407407407,-18.57666667,0.25,1.5294117647058822,1.3402488429214796
A10,NWC,11,6,0-0.5g,0,0.5,0.16,Sternoptychidae,Argyropelecus aculeatus,Sternoptychidae,Sternoptychidae,11.7,9.5,37.7,-18.9,3.222222222,-18.9,0.25,2.5588235294117645,2.1287927879408177
A11,NWC,11,6,0-0.5g,0,0.5,0.19,Sternoptychidae,Argyropelecus aculeatus,Sternoptychidae,Sternoptychidae,11.1,10,37.9,-19.1,3.414414414,-19.1,0.25,2.7058823529411766,2.25929488086506
A12,NWC,11,6,0-0.5g,0,0.5,0.14,Sternoptychidae,Argyropelecus aculeatus,Sternoptychidae,Sternoptychidae,10.4,10.1,36.1,-19.3,3.471153846,-19.3,0.25,2.735294117647059,2.2860510242816465
A13,NWC,11,6,02-4g,2,4,3.46,Sternoptychidae,Argyropelecus aculeatus,Sternoptychidae,Sternoptychidae,12.8,10.7,41.4,-18.6,3.234375,-18.6,3,2.911764705882353,2.451499190608158
A14,NWC,11,6,08-16g,8,16,11.1,Sternoptychidae,Argyropelecus aculeatus,Sternoptychidae,Sternoptychidae,13.6,12.2,43.5,-18.8,3.198529412,-18.8,12,3.352941176470588,2.907253639882264
A15,NWC,11,6,08-16g,8,16,9.2,Sternoptychidae,Argyropelecus aculeatus,Sternoptychidae,Sternoptychidae,13.6,11.4,43.7,-19,3.213235294,-19,12,3.1176470588235294,2.656082508643746
A17,NWC,13,6,04-8g,4,8,4.62,Sternoptychidae,Argyropelecus aculeatus,Sternoptychidae,Sternoptychidae,13.4,11,43.5,-18.5,3.246268657,-18.5,6,3,2.5375700609806793
A19,NWC,13,6,0-0.5g,0,0.5,0.15,Sternoptychidae,Argyropelecus aculeatus,Sternoptychidae,Sternoptychidae,10.3,10.1,35.8,-19,3.475728155,-19,0.25,2.735294117647059,2.2860510242816465
A20,NWC,13,6,0-0.5g,0,0.5,0.375,Sternoptychidae,Argyropelecus aculeatus,Sternoptychidae,Sternoptychidae,10.7,10.1,36.9,-19,3.448598131,-19,0.25,2.735294117647059,2.2860510242816465
A21,NWC,13,6,0-0.5g,0,0.5,0.277,Sternoptychidae,Argyropelecus aculeatus,Sternoptychidae,Sternoptychidae,11.5,10.4,38.4,-18.8,3.339130435,-18.8,0.25,2.823529411764706,2.3676984031456514
A22,NWC,13,6,0-0.5g,0,0.5,0.176,Sternoptychidae,Argyropelecus aculeatus,Sternoptychidae,Sternoptychidae,10.5,9.9,36.5,-19.2,3.476190476,-19.2,0.25,2.6764705882352944,2.2327621561287465
A23,NWC,13,6,0-0.5g,0,0.5,0.263,Sternoptychidae,Argyropelecus aculeatus,Sternoptychidae,Sternoptychidae,9.2,10.3,32.3,-19.1,3.510869565,-18.94423913,0.25,2.794117647058824,2.3402488429214783
A24,NWC,13,6,0-0.5g,0,0.5,0.146,Sternoptychidae,Argyropelecus aculeatus,Sternoptychidae,Sternoptychidae,10.5,10.9,36.1,-19.2,3.438095238,-19.2,0.25,2.9705882352941178,2.5086199478011904
A25,NWC,13,6,0-0.5g,0,0.5,0.078,Sternoptychidae,Argyropelecus aculeatus,Sternoptychidae,Sternoptychidae,10.7,9.9,37.4,-19.1,3.495327103,-19.1,0.25,2.6764705882352944,2.2327621561287465
A26,NWC,13,6,0-0.5g,0,0.5,0.175,Sternoptychidae,Argyropelecus aculeatus,Sternoptychidae,Sternoptychidae,10.4,10.1,35.9,-19,3.451923077,-19,0.25,2.735294117647059,2.2860510242816465
A27,NWC,13,6,0-0.5g,0,0.5,0.189,Sternoptychidae,Argyropelecus aculeatus,Sternoptychidae,Sternoptychidae,10.3,10.1,35.7,-19,3.466019417,-19,0.25,2.735294117647059,2.2860510242816465
A28,NWC,10,6,0-0.5g,0,0.5,1.01,Sternoptychidae,Argyropelecus aculeatus,Sternoptychidae,Sternoptychidae,12.2,10,40.9,-19,3.352459016,-19,0.25,2.7058823529411766,2.25929488086506
A29,NWC,10,6,0.5-1g,0.5,1,0.72,Sternoptychidae,Argyropelecus aculeatus,Sternoptychidae,Sternoptychidae,12.7,10.5,42.4,-18.7,3.338582677,-18.7,0.75,2.8529411764705883,2.3953871589370443
A30,NWC,10,6,0-0.5g,0,0.5,0.23,Sternoptychidae,Argyropelecus aculeatus,Sternoptychidae,Sternoptychidae,11.5,9.8,38.6,-19.2,3.356521739,-19.2,0.25,2.647058823529412,2.2064491497760326
A31,NWC,10,6,0-0.5g,0,0.5,0.39,Sternoptychidae,Argyropelecus aculeatus,Sternoptychidae,Sternoptychidae,12.2,10.4,41.3,-18.9,3.385245902,-18.9,0.25,2.823529411764706,2.3676984031456514
A32,NWC,10,6,0-0.5g,0,0.5,0.21,Sternoptychidae,Argyropelecus aculeatus,Sternoptychidae,Sternoptychidae,12.1,9.9,40.9,-19,3.380165289,-19,0.25,2.6764705882352944,2.2327621561287465
A33,NWC,10,6,0-0.5g,0,0.5,0.17,Sternoptychidae,Argyropelecus hemigymnus,Sternoptychidae,Sternoptychidae,12.3,11.2,41.6,-18.7,3.382113821,-18.7,0.25,3.0588235294117645,2.596273794905203
A34,NWC,13,6,01-2g,1,2,1.39,Sternoptychidae,Argyropelecus aculeatus,Sternoptychidae,Sternoptychidae,12.2,10.6,40.4,-18.6,3.31147541,-18.6,1.5,2.8823529411764706,2.4233193156702315
A34,NWC,13,6,01-2g,1,2,1.39,Sternoptychidae,Argyropelecus aculeatus,Sternoptychidae,Sternoptychidae,11.8,10.7,38.5,-18.6,3.262711864,-18.6,1.5,2.911764705882353,2.451499190608158
A35,NWC,13,6,01-2g,1,2,1.65,Sternoptychidae,Argyropelecus aculeatus,Sternoptychidae,Sternoptychidae,12.4,10.3,41.6,-18.9,3.35483871,-18.9,1.5,2.794117647058824,2.3402488429214783
A36,NWC,13,6,01-2g,1,2,1.04,Sternoptychidae,Argyropelecus aculeatus,Sternoptychidae,Sternoptychidae,12,10.6,40.3,-18.6,3.358333333,-18.6,1.5,2.8823529411764706,2.4233193156702315
A37,NWC,13,6,0.5-1g,0.5,1,1,Sternoptychidae,Argyropelecus aculeatus,Sternoptychidae,Sternoptychidae,11.8,10.4,39.9,-18.7,3.381355932,-18.7,0.75,2.823529411764706,2.3676984031456514
T09,NWC,10,6,0-0.5g,0,0.5,0.393,Stomiidae,Chauliodus sloani,Tooth,Stomiidae,10.3,10.9,35,-19,3.398058252,-19,0.25,2.9705882352941178,2.5086199478011904
T10,NWC,13,6,0.5-1g,0.5,1,0.66,Stomiidae,Eustomias sp.,Tooth,Stomiidae,10.5,9.9,35.7,-18.5,3.4,-18.5,0.75,2.6764705882352944,2.2327621561287465
T10,NWC,13,6,0.5-1g,0.5,1,0.66,Stomiidae,Eustomias sp.,Tooth,Stomiidae,10.8,10,34.9,-18.5,3.231481481,-18.5,0.75,2.7058823529411766,2.25929488086506
T21,NWC,13,6,04-8g,4,8,7.796,Stomiidae,Chauliodus sloani,Tooth,Stomiidae,12.6,11.3,41.8,-19.1,3.317460317,-19.1,6,3.088235294117647,2.6260374355747116
T22,NWC,13,6,08-16g,8,16,10.267,Stomiidae,Melanostomiinae,Tooth,Stomiidae,11.7,12.1,41,-19.1,3.504273504,-18.95076923,12,3.3235294117647056,2.874749826641924
T25,NWC,11,6,04-8g,4,8,8,Stomiidae,Malacosteus australis,Tooth,Stomiidae,12.2,11.3,39.7,-19.6,3.254098361,-19.6,6,3.088235294117647,2.6260374355747116
T26,NWC,12,6,08-16g,8,16,13.48,Stomiidae,Idiacanthus atlanticus,Tooth,Stomiidae,10.5,14.7,36.5,-17.7,3.476190476,-17.7,12,4.088235294117647,3.851357770775443
T35,NWC,10,6,0-0.5g,0,0.5,0.5,Stomiidae,Chauliodus sloani,Tooth,Stomiidae,10.95436023,10.1471057,37.52890427,-19.41152459,3.425933006,-19.41152459,0.25,2.749148735294117,2.2987331813872807
ZOO06-125,NWC,EZ6,NA,0.000001-0.000008g,1e-6,8.18e-6,8.18e-6,Zooplankton,Zooplankton,Zoo,Zooplankton,7.2,5.9,32.1,-21.3,4.458333333,-20.20625,4.59e-6,1.5,1.320359345515157
ZOO07-250,NWC,EZ6,NA,0.000008-0.000065g,8.18e-6,6.54e-5,6.54e-5,Zooplankton,Zooplankton,Zoo,Zooplankton,8.9,6.8,37.8,-21.6,4.247191011,-20.7152809,3.6790000000000005e-5,1.7647058823529411,1.504012309031761
ZOO08-500,NWC,EZ6,NA,0.000065-0.000524g,6.54e-5,5.24e-4,5.24e-4,Zooplankton,Zooplankton,Zoo,Zooplankton,8.6,7.6,33.6,-20.1,3.906976744,-19.55209302,2.947e-4,2,1.6766766479600332
ZOO08-500,NWC,EZ6,NA,0.000065-0.000524g,6.54e-5,5.24e-4,5.24e-4,Zooplankton,Zooplankton,Zoo,Zooplankton,8,7.6,31.7,-19.7,3.9625,-19.097125,2.947e-4,2,1.6766766479600332
ZOO09-1000,NWC,EZ6,NA,0.000524-0.004189g,5.24e-4,0.00418879,0.00418879,Zooplankton,Zooplankton,Zoo,Zooplankton,5.2,7.6,22.8,-21.5,4.384615385,-20.47923077,0.0023563950000000003,2,1.6766766479600332
ZOO10-2000,NWC,EZ6,NA,0.004189-0.03351g,0.00418879,0.033510322,0.033510322,Zooplankton,Zooplankton,Zoo,Zooplankton,5.6,7.8,26.2,-21.1,4.678571429,-19.78821429,0.018849556,2.0588235294117645,1.7213496394080425
ZOO10-2000,NWC,EZ6,NA,0.004189-0.03351g,0.00418879,0.033510322,0.033510322,Zooplankton,Zooplankton,Zoo,Zooplankton,5.6,7.8,22.5,-20.9,4.017857143,-20.24232143,0.018849556,2.0588235294117645,1.7213496394080425
G140,SCC,19,6,01-2g,1,2,1.0176,Melanocetidae,Melanocetus johnsonii,Tooth,Other,9.2,12.8,33.2,-19.4,3.6,-19.156,1.5,3.705882352941177,3.2153594063465794
C02,SCC,18,6,01-2g,1,2,1.9895,Myctophidae,Ceratoscopelus warmingii,Cerato,Myctophidae,13.4,10.2,43.9,-20.2,3.3,-20.2,1.5,2.9411764705882355,2.418809177611192
C03,SCC,18,6,0-0.5g,0,0.5,0.4667,Myctophidae,Ceratoscopelus warmingii,Cerato,Myctophidae,10.9,9.1,38.2,-20.2,3.5,-20.055,0.25,2.6176470588235294,2.1338926139675323
C04,SCC,19,6,02-4g,2,4,3.8712,Myctophidae,Ceratoscopelus warmingii,Cerato,Myctophidae,13.9,9.6,45.3,-20.1,3.3,-20.1,3,2.764705882352941,2.2602427405943692
C06,SCC,19,6,01-2g,1,2,1.9319,Myctophidae,Ceratoscopelus warmingii,Cerato,Myctophidae,13.2,9.6,43.9,-20.4,3.3,-20.4,1.5,2.764705882352941,2.2602427405943692
C07,SCC,19,6,0.5-1g,0.5,1,0.8546,Myctophidae,Ceratoscopelus warmingii,Cerato,Myctophidae,12.3,9.1,41.7,-20.5,3.4,-20.5,0.75,2.6176470588235294,2.1338926139675323
C08,SCC,19,6,01-2g,1,2,1.2403,Myctophidae,Ceratoscopelus warmingii,Cerato,Myctophidae,13.5,9.7,44.7,-20.5,3.3,-20.5,1.5,2.7941176470588234,2.28612704934924
C09,SCC,19,6,01-2g,1,2,1.0705,Myctophidae,Ceratoscopelus warmingii,Cerato,Myctophidae,13.1,9.5,42.7,-20.3,3.2,-20.3,1.5,2.735294117647059,2.2345675846069293
C10,SCC,19,6,0.5-1g,0.5,1,0.6467,Myctophidae,Ceratoscopelus warmingii,Cerato,Myctophidae,11.9,8.6,41,-20.2,3.5,-20.055,0.75,2.4705882352941178,2.012375091178357
C14,SCC,19,6,0.5-1g,0.5,1,0.9731,Myctophidae,Ceratoscopelus warmingii,Cerato,Myctophidae,11.3,8.6,38,-20.4,3.4,-20.4,0.75,2.4705882352941178,2.012375091178357
C15,SCC,19,6,0.5-1g,0.5,1,0.7687,Myctophidae,Ceratoscopelus warmingii,Cerato,Myctophidae,12,8.9,40.8,-20.3,3.4,-20.3,0.75,2.558823529411765,2.0847265517174423
C19,SCC,23,6,01-2g,1,2,1.2845,Myctophidae,Ceratoscopelus warmingii,Cerato,Myctophidae,13.8,9.5,45.7,-20.2,3.3,-20.2,1.5,2.735294117647059,2.2345675846069293
C20,SCC,23,6,0.5-1g,0.5,1,0.8931,Myctophidae,Ceratoscopelus warmingii,Cerato,Myctophidae,11.2,8.2,38.7,-20.2,3.5,-20.055,0.75,2.352941176470588,1.918399932021045
C21,SCC,23,6,0-0.5g,0,0.5,0.2036,Myctophidae,Ceratoscopelus warmingii,Cerato,Myctophidae,11.3,7.9,39.4,-20.1,3.5,-19.955,0.25,2.264705882352941,1.8496986836175235
C22,SCC,24,6,02-4g,2,4,2.3528,Myctophidae,Ceratoscopelus warmingii,Cerato,Myctophidae,14,9.8,45.8,-20,3.3,-20,3,2.8235294117647065,2.3122239464421446
C24,SCC,24,6,0.5-1g,0.5,1,0.9018,Myctophidae,Ceratoscopelus warmingii,Cerato,Myctophidae,11.5,8.7,39,-20.2,3.4,-20.2,0.75,2.5,2.036309662970198
C27,SCC,27,6,02-4g,2,4,3.2094,Myctophidae,Ceratoscopelus warmingii,Cerato,Myctophidae,13.5,10.5,45.4,-20.2,3.3,-20.2,3,3.0294117647058827,2.5011619556031564
C81,SCC,18,6,0.5-1g,0.5,1,0.7643,Myctophidae,Ceratoscopelus warmingii,Cerato,Myctophidae,11.1,8.6,39.3,-20.3,3.6,-20.056,0.75,2.4705882352941178,2.012375091178357
C82,SCC,18,6,0-0.5g,0,0.5,0.3733,Myctophidae,Ceratoscopelus warmingii,Cerato,Myctophidae,10.5,9.1,38.5,-20.5,3.7,-20.157,0.25,2.6176470588235294,2.1338926139675323
C83,SCC,18,6,0.5-1g,0.5,1,0.5195,Myctophidae,Ceratoscopelus warmingii,Cerato,Myctophidae,10.6,8.6,37.9,-20.6,3.6,-20.356,0.75,2.4705882352941178,2.012375091178357
C84,SCC,18,6,0-0.5g,0,0.5,0.4189,Myctophidae,Ceratoscopelus warmingii,Cerato,Myctophidae,10.6,9.2,37.9,-20.4,3.6,-20.156,0.25,2.6470588235294117,2.1587639010990296
C85,SCC,18,6,0-0.5g,0,0.5,0.4999,Myctophidae,Ceratoscopelus warmingii,Cerato,Myctophidae,10.5,9.2,38.2,-20.6,3.6,-20.356,0.25,2.6470588235294117,2.1587639010990296
C86,SCC,18,6,0-0.5g,0,0.5,0.4577,Myctophidae,Ceratoscopelus warmingii,Cerato,Myctophidae,10.4,9.2,37.8,-20.4,3.6,-20.156,0.25,2.6470588235294117,2.1587639010990296
C90,SCC,19,6,0-0.5g,0,0.5,0.2151,Myctophidae,Ceratoscopelus warmingii,Cerato,Myctophidae,10.5,9.2,37.2,-20.4,3.5,-20.255,0.25,2.6470588235294117,2.1587639010990296
G01,SCC,19,6,0-0.5g,0,0.5,0.1263,Myctophidae,Lampanyctus 2,Mycto,Myctophidae,12.7,9.9,41.7,-19.8,3.3,-19.8,0.25,2.8529411764705888,2.338536952794858
G02,SCC,19,6,0-0.5g,0,0.5,0.093,Myctophidae,Lampanyctus 2,Mycto,Myctophidae,10.8,8.7,37.1,-20.5,3.4,-20.5,0.25,2.5,2.036309662970198
G05,SCC,18,6,01-2g,1,2,1.5481,Myctophidae,Scopelopsis multipunctatus,Mycto,Myctophidae,12.8,11.8,40.8,-19.4,3.2,-19.4,1.5,3.4117647058823533,2.8849617496556794
G06,SCC,18,6,01-2g,1,2,1.89,Myctophidae,Scopelopsis multipunctatus,Mycto,Myctophidae,12.5,11.8,40.1,-19.4,3.2,-19.4,1.5,3.4117647058823533,2.8849617496556794
G08,SCC,19,6,08-16g,8,16,9.5407,Myctophidae,Lampandena  luminosa,Mycto,Myctophidae,11.5,12.6,51.8,-20.6,4.5,-19.465,12,3.6470588235294117,3.146474278315998
G101,SCC,19,6,0-0.5g,0,0.5,0.2371,Myctophidae,Lampanyctus 1,Mycto,Myctophidae,10,9,38.4,-20.4,3.8,-19.958,0.25,2.588235294117647,2.1092144899396823
G104,SCC,19,6,0-0.5g,0,0.5,0.3866,Myctophidae,Notoscopelus resplendens,Mycto,Myctophidae,10.6,8.7,36.8,-21,3.5,-20.855,0.25,2.5,2.036309662970198
G106,SCC,19,6,0-0.5g,0,0.5,0.1335,Myctophidae,Lampanyctus 2,Mycto,Myctophidae,10.1,9.2,38.3,-20.7,3.8,-20.258,0.25,2.6470588235294117,2.1587639010990296
G109,SCC,19,6,01-2g,1,2,1.8343,Myctophidae,Scopelopsis multipunctatus,Mycto,Myctophidae,12.6,12.4,41.4,-19.5,3.3,-19.5,1.5,3.588235294117647,3.079050870945445
G11,SCC,19,6,04-8g,4,8,4.0245,Myctophidae,Sybolophorus barnardi,Mycto,Myctophidae,13.6,8.2,42.5,-20.4,3.1,-20.4,6,2.352941176470588,1.918399932021045
G110,SCC,19,6,02-4g,2,4,2.113,Myctophidae,Scopelopsis multipunctatus,Mycto,Myctophidae,13.3,11.5,41.3,-19.5,3.1,-19.5,3,3.323529411764706,2.792189183835701
G111,SCC,19,6,01-2g,1,2,1.9358,Myctophidae,Scopelopsis multipunctatus,Mycto,Myctophidae,12.8,11.2,41.4,-19.6,3.2,-19.6,1.5,3.235294117647059,2.702048591571315
G112,SCC,19,6,01-2g,1,2,1.8588,Myctophidae,Scopelopsis multipunctatus,Mycto,Myctophidae,12.8,11.2,41.8,-19.3,3.3,-19.3,1.5,3.235294117647059,2.702048591571315
G113,SCC,19,6,02-4g,2,4,2.112,Myctophidae,Scopelopsis multipunctatus,Mycto,Myctophidae,13,11.3,40.6,-19.4,3.1,-19.4,3,3.2647058823529416,2.7318122322408236
G114,SCC,19,6,02-4g,2,4,2.6052,Myctophidae,Scopelopsis multipunctatus,Mycto,Myctophidae,13.5,11.6,41.8,-19.3,3.1,-19.3,3,3.3529411764705883,2.822813396232024
G115,SCC,19,6,01-2g,1,2,1.1403,Myctophidae,Sybolophorus barnardi,Mycto,Myctophidae,12.6,9.1,41.1,-20.4,3.3,-20.4,1.5,2.6176470588235294,2.1338926139675323
G116,SCC,22,6,01-2g,1,2,1.591,Myctophidae,Scopelopsis multipunctatus,Mycto,Myctophidae,13.2,11.2,42.4,-19.6,3.2,-19.6,1.5,3.235294117647059,2.702048591571315
G118,SCC,22,6,02-4g,2,4,2.432,Myctophidae,Scopelopsis multipunctatus,Mycto,Myctophidae,14.1,11.2,43.7,-19.5,3.1,-19.5,3,3.235294117647059,2.702048591571315
G120,SCC,22,6,02-4g,2,4,3.9689,Myctophidae,Sybolophorus barnardi,Mycto,Myctophidae,14.3,9.2,44.4,-20.4,3.1,-20.4,3,2.6470588235294117,2.1587639010990296
G121,SCC,22,6,02-4g,2,4,4.1199,Myctophidae,Sybolophorus barnardi,Mycto,Myctophidae,13.3,9.3,44.6,-20.5,3.3,-20.5,3,2.6764705882352944,2.1838313990971083
G125,SCC,24,6,0.5-1g,0.5,1,0.5985,Myctophidae,Notoscopelus resplendens,Mycto,Myctophidae,11.5,8.2,39.4,-20.8,3.4,-20.8,0.75,2.352941176470588,1.918399932021045
G126,SCC,24,6,0.5-1g,0.5,1,0.5458,Myctophidae,Lampanyctus 1,Mycto,Myctophidae,11.1,10.3,43.9,-20.5,3.9,-19.959,0.75,2.9705882352941178,2.4460236395875903
G127,SCC,24,6,0.5-1g,0.5,1,0.5694,Myctophidae,Lampanyctus 1,Mycto,Myctophidae,11.6,10.2,43.8,-20.2,3.8,-19.758,0.75,2.9411764705882355,2.418809177611192
G128,SCC,24,6,0.5-1g,0.5,1,0.5189,Myctophidae,Lampanyctus 1,Mycto,Myctophidae,11.9,10.3,42.1,-20,3.5,-19.855,0.75,2.9705882352941178,2.4460236395875903
G129,SCC,24,6,0.5-1g,0.5,1,0.5133,Myctophidae,Lampanyctus 1,Mycto,Myctophidae,11.5,10.2,42.5,-20.2,3.7,-19.857,0.75,2.9411764705882355,2.418809177611192
G13,SCC,22,6,04-8g,4,8,4.4729,Myctophidae,Sybolophorus barnardi,Mycto,Myctophidae,13.2,10.1,43.4,-19.7,3.3,-19.7,6,2.9117647058823533,2.3918258209477585
G130,SCC,24,6,0.5-1g,0.5,1,0.506,Myctophidae,Lampanyctus 1,Mycto,Myctophidae,11.2,10.3,41.7,-20.6,3.7,-20.257,0.75,2.9705882352941178,2.4460236395875903
G131,SCC,24,6,0.5-1g,0.5,1,0.5,Myctophidae,Lampanyctus 1,Mycto,Myctophidae,11.4,11.1,40.7,-19.9,3.6,-19.656,0.75,3.2058823529411766,2.6725611598334327
G14,SCC,22,6,02-4g,2,4,2.0802,Myctophidae,Sybolophorus barnardi,Mycto,Myctophidae,13.7,8.8,42.6,-20.4,3.1,-20.4,3,2.5294117647058827,2.060425890312049
G15,SCC,22,6,04-8g,4,8,5.3206,Myctophidae,Sybolophorus barnardi,Mycto,Myctophidae,13.5,10,44.3,-20.4,3.3,-20.4,6,2.882352941176471,2.3650696775311717
G16,SCC,22,6,02-4g,2,4,3.3703,Myctophidae,Sybolophorus barnardi,Mycto,Myctophidae,13.9,8.8,44.2,-20.1,3.2,-20.1,3,2.5294117647058827,2.060425890312049
G19,SCC,24,6,01-2g,1,2,1.13,Myctophidae,Sybolophorus barnardi,Mycto,Myctophidae,12.5,9,40.8,-20.2,3.3,-20.2,1.5,2.588235294117647,2.1092144899396823
G21,SCC,27,6,04-8g,4,8,7.0982,Myctophidae,Nannobrachium,Mycto,Myctophidae,12,11.2,42.9,-20.5,3.6,-20.256,6,3.235294117647059,2.702048591571315
G31,SCC,27,6,04-8g,4,8,6.7199,Myctophidae,Diaphus,Mycto,Myctophidae,12.2,12.5,39.8,-19.1,3.3,-19.1,6,3.6176470588235294,3.1125837469146536
G34,SCC,27,6,04-8g,4,8,4.2434,Myctophidae,Sybolophorus barnardi,Mycto,Myctophidae,12.3,12.3,42.3,-19.8,3.4,-19.8,6,3.558823529411765,3.0458681803153578
G37,SCC,27,6,04-8g,4,8,4.6387,Myctophidae,Sybolophorus barnardi,Mycto,Myctophidae,12.3,10.5,47.7,-20.4,3.9,-19.859,6,3.0294117647058827,2.5011619556031564
G85,SCC,18,6,0-0.5g,0,0.5,0.1991,Myctophidae,Lampanyctus 2,Mycto,Myctophidae,9.8,9.1,36.4,-20.4,3.7,-20.057,0.25,2.6176470588235294,2.1338926139675323
G87,SCC,18,6,04-8g,4,8,5.3817,Myctophidae,Sybolophorus barnardi,Mycto,Myctophidae,11,9.5,39.3,-19.9,3.6,-19.656,6,2.735294117647059,2.2345675846069293
G88,SCC,18,6,0-0.5g,0,0.5,0.289,Myctophidae,Lampanyctus 1,Mycto,Myctophidae,10.2,9.3,38.7,-20.3,3.8,-19.858,0.25,2.6764705882352944,2.1838313990971083
G93,SCC,18,6,0-0.5g,0,0.5,0.4338,Myctophidae,Lampanyctus 2,Mycto,Myctophidae,10,8.8,37.6,-20.3,3.7,-19.957,0.25,2.5294117647058827,2.060425890312049
H01,SCC,19,6,0.5-1g,0.5,1,0.8725,Myctophidae,Hygophum hygomii,Hygo,Myctophidae,12.9,9.5,44.1,-19.9,3.4,-19.9,0.75,2.735294117647059,2.2345675846069293
H02,SCC,19,6,01-2g,1,2,1.1035,Myctophidae,Hygophum hygomii,Hygo,Myctophidae,13.4,9.6,46,-19.7,3.4,-19.7,1.5,2.764705882352941,2.2602427405943692
H03,SCC,19,6,01-2g,1,2,1.2272,Myctophidae,Hygophum hygomii,Hygo,Myctophidae,13,9.5,43.4,-19.8,3.4,-19.8,1.5,2.735294117647059,2.2345675846069293
H04,SCC,19,6,01-2g,1,2,1.5168,Myctophidae,Hygophum hygomii,Hygo,Myctophidae,12.8,10.1,43.5,-19.7,3.4,-19.7,1.5,2.9117647058823533,2.3918258209477585
H05,SCC,19,6,0.5-1g,0.5,1,0.7674,Myctophidae,Hygophum hygomii,Hygo,Myctophidae,12.3,9.5,43.5,-19.6,3.5,-19.455,0.75,2.735294117647059,2.2345675846069293
H08,SCC,19,6,0-0.5g,0,0.5,0.4805,Myctophidae,Hygophum hygomii,Hygo,Myctophidae,11.5,9.6,39.8,-19.8,3.5,-19.655,0.25,2.764705882352941,2.2602427405943692
H09,SCC,19,6,01-2g,1,2,1.4035,Myctophidae,Hygophum hygomii,Hygo,Myctophidae,12.7,10,43.4,-19.9,3.4,-19.9,1.5,2.882352941176471,2.3650696775311717
H10,SCC,22,6,02-4g,2,4,3.6127,Myctophidae,Hygophum hygomii,Hygo,Myctophidae,12.5,10.5,45.2,-20.1,3.6,-19.856,3,3.0294117647058827,2.5011619556031564
H11,SCC,22,6,01-2g,1,2,1.9838,Myctophidae,Hygophum hygomii,Hygo,Myctophidae,12.8,10,49,-20.2,3.8,-19.758,1.5,2.882352941176471,2.3650696775311717
H12,SCC,22,6,01-2g,1,2,1.7794,Myctophidae,Hygophum hygomii,Hygo,Myctophidae,13.3,10.1,46.1,-20,3.5,-19.855,1.5,2.9117647058823533,2.3918258209477585
H14,SCC,22,6,04-8g,4,8,4.0906,Myctophidae,Hygophum hygomii,Hygo,Myctophidae,13.7,11.1,45.7,-19.5,3.3,-19.5,6,3.2058823529411766,2.6725611598334327
H17,SCC,23,6,02-4g,2,4,2.5581,Myctophidae,Hygophum hygomii,Hygo,Myctophidae,12.3,10.5,47.7,-20.4,3.9,-19.859,3,3.0294117647058827,2.5011619556031564
H19,SCC,24,6,02-4g,2,4,3.0943,Myctophidae,Hygophum hygomii,Hygo,Myctophidae,12.6,9.9,43.1,-19.8,3.4,-19.8,3,2.8529411764705888,2.338536952794858
H22,SCC,24,6,0.5-1g,0.5,1,0.7837,Myctophidae,Hygophum hygomii,Hygo,Myctophidae,12.8,9.2,44.9,-19.8,3.5,-19.655,0.75,2.6470588235294117,2.1587639010990296
H25,SCC,24,6,0.5-1g,0.5,1,0.964,Myctophidae,Hygophum hygomii,Hygo,Myctophidae,16.3,9.4,57.4,-19.6,3.5,-19.455,0.75,2.7058823529411766,2.209098228430907
H71,SCC,18,6,04-8g,4,8,5.2971,Myctophidae,Hygophum hygomii,Hygo,Myctophidae,12.9,10.3,43.3,-19.9,3.3,-19.9,6,2.9705882352941178,2.4460236395875903
H72,SCC,18,6,01-2g,1,2,1.2344,Myctophidae,Hygophum hygomii,Hygo,Myctophidae,11.6,9.2,41.2,-19.9,3.5,-19.755,1.5,2.6470588235294117,2.1587639010990296
H73,SCC,18,6,01-2g,1,2,1.59782,Myctophidae,Hygophum hygomii,Hygo,Myctophidae,12.1,9.8,42.2,-19.8,3.5,-19.655,1.5,2.8235294117647065,2.3122239464421446
H74,SCC,18,6,02-4g,2,4,2.578,Myctophidae,Hygophum hygomii,Hygo,Myctophidae,12.8,10.1,43.8,-19.7,3.4,-19.7,3,2.9117647058823533,2.3918258209477585
H75,SCC,18,6,0.5-1g,0.5,1,0.925,Myctophidae,Hygophum hygomii,Hygo,Myctophidae,12.2,10,43.2,-20,3.5,-19.855,0.75,2.882352941176471,2.3650696775311717
H76,SCC,18,6,0.5-1g,0.5,1,0.7615,Myctophidae,Hygophum hygomii,Hygo,Myctophidae,12.2,9.7,42.7,-20,3.5,-19.855,0.75,2.7941176470588234,2.28612704934924
H77,SCC,18,6,0-0.5g,0,0.5,0.3831,Myctophidae,Hygophum hygomii,Hygo,Myctophidae,11.3,9.4,39.6,-20,3.5,-19.855,0.25,2.7058823529411766,2.209098228430907
H79,SCC,24,6,0-0.5g,0,0.5,0.2506,Myctophidae,Hygophum hygomii,Hygo,Myctophidae,10.6,10.1,40.1,-19.9,3.8,-19.458,0.25,2.9117647058823533,2.3918258209477585
H80,SCC,24,6,0-0.5g,0,0.5,0.3394,Myctophidae,Hygophum hygomii,Hygo,Myctophidae,11.3,9,40.4,-19.7,3.6,-19.456,0.25,2.588235294117647,2.1092144899396823
H81,SCC,19,6,0-0.5g,0,0.5,0.3466,Myctophidae,Hygophum hygomii,Hygo,Myctophidae,11.1,9.3,39.3,-19.5,3.5,-19.355,0.25,2.6764705882352944,2.1838313990971083
H83,SCC,19,6,0-0.5g,0,0.5,0.3187,Myctophidae,Hygophum hygomii,Hygo,Myctophidae,10.9,9.6,38.7,-20.1,3.5,-19.955,0.25,2.764705882352941,2.2602427405943692
H84,SCC,19,6,0-0.5g,0,0.5,0.3898,Myctophidae,Hygophum hygomii,Hygo,Myctophidae,11.6,9.9,40.3,-19.1,3.5,-18.955,0.25,2.8529411764705888,2.338536952794858
H85,SCC,19,6,0-0.5g,0,0.5,0.3282,Myctophidae,Hygophum hygomii,Hygo,Myctophidae,10.9,9.6,36,-19.7,3.3,-19.7,0.25,2.764705882352941,2.2602427405943692
POM1,SCC,EZ 8,6,NA,NA,NA,NA,Particulate Organic Matter,Particulate Organic Matter,POM,POM,NA,2.9,NA,-22.1,4.5,-20.965,NA,0.7941176470588235,0.880888093051977
POM2,SCC,EZ 8,6,NA,NA,NA,NA,Particulate Organic Matter,Particulate Organic Matter,POM,POM,NA,3.5,NA,-21.7,6.3,-18.783,NA,0.9705882352941176,0.9827081973858681
POM3,SCC,EZ 9,6,NA,NA,NA,NA,Particulate Organic Matter,Particulate Organic Matter,POM,POM,NA,3.8,NA,-22.2,7,-18.59,NA,1.0588235294117647,1.0348684933377503
POM4,SCC,EZ 9,6,NA,NA,NA,NA,Particulate Organic Matter,Particulate Organic Matter,POM,POM,NA,4.2,NA,-23,7.5,-18.895,NA,1.1764705882352942,1.1057747966661118
T01,SCC,18,6,0-0.5g,0,0.5,0.4264,Stomiidae,Idiacanthus atlanticus,Tooth,Stomiidae,9,11.2,31.2,-19.5,3.5,-19.355,0.25,3.235294117647059,2.702048591571315
T05,SCC,19,6,0.5-1g,0.5,1,0.832,Stomiidae,Idiacanthus atlanticus,Tooth,Stomiidae,9.3,11.3,31.7,-19.7,3.4,-19.7,0.75,3.2647058823529416,2.7318122322408236
T07,SCC,19,6,0.5-1g,0.5,1,0.7803,Stomiidae,Idiacanthus atlanticus,Tooth,Stomiidae,9.5,12.2,32.3,-19.3,3.4,-19.3,0.75,3.5294117647058822,3.013028436548376
T10,SCC,22,6,0-0.5g,0,0.5,0.4075,Stomiidae,Idiacanthus atlanticus,Tooth,Stomiidae,9.9,11.8,34.4,-19.7,3.5,-19.555,0.25,3.4117647058823533,2.8849617496556794
T12,SCC,23,6,0-0.5g,0,0.5,0.1134,Stomiidae,Idiacanthus atlanticus,Tooth,Stomiidae,10.2,9.3,35.6,-19.9,3.5,-19.755,0.25,2.6764705882352944,2.1838313990971083
T13,SCC,23,6,0-0.5g,0,0.5,0.2759,Stomiidae,Idiacanthus atlanticus,Tooth,Stomiidae,8.3,10.5,28.3,-19.8,3.4,-19.8,0.25,3.0294117647058827,2.5011619556031564
T14,SCC,23,6,0.5-1g,0.5,1,0.6083,Stomiidae,Idiacanthus atlanticus,Tooth,Stomiidae,9,11.2,30.9,-19.4,3.4,-19.4,0.75,3.235294117647059,2.702048591571315
T27,SCC,24,6,0.5-1g,0.5,1,0.7774,Stomiidae,Idiacanthus atlanticus,Tooth,Stomiidae,8.3,11.1,27.6,-18.6,3.3,-18.6,0.75,3.2058823529411766,2.6725611598334327
T28,SCC,24,6,0.5-1g,0.5,1,0.6775,Stomiidae,Idiacanthus atlanticus,Tooth,Stomiidae,10.3,7.4,33,-19.4,3.2,-19.4,0.75,2.1176470588235294,1.7383978163009717
T29,SCC,24,6,0.5-1g,0.5,1,0.7008,Stomiidae,Chauliodus sloani,Tooth,Stomiidae,10.6,9.8,36.2,-20.1,3.4,-20.1,0.75,2.8235294117647065,2.3122239464421446
T31,SCC,24,6,01-2g,1,2,1.1976,Stomiidae,Eustomias,Tooth,Stomiidae,11.6,10.5,38.8,-19.7,3.4,-19.7,1.5,3.0294117647058827,2.5011619556031564
T33,SCC,27,6,01-2g,1,2,1.9495,Stomiidae,Chauliodus sloani,Tooth,Stomiidae,10.4,10.8,37.9,-19.7,3.6,-19.456,1.5,3.11764705882353,2.5857060135730086
T34,SCC,27,6,01-2g,1,2,1.8292,Stomiidae,Chauliodus sloani,Tooth,Stomiidae,10.9,10.5,37.7,-19.7,3.5,-19.555,1.5,3.0294117647058827,2.5011619556031564
T36,SCC,27,6,04-8g,4,8,6.9185,Stomiidae,Chauliodus sloani,Tooth,Stomiidae,14.2,8.4,63.4,-21,4.5,-19.865,6,2.4117647058823533,1.9650401099340127
T47,SCC,24,6,0.5-1g,0.5,1,0.5855,Stomiidae,Chauliodus sloani,Tooth,Stomiidae,10.9,9.9,37.4,-19.2,3.4,-19.2,0.75,2.8529411764705888,2.338536952794858
T52,SCC,24,6,0-0.5g,0,0.5,0.115,Stomiidae,Idiacanthus atlanticus,Tooth,Stomiidae,9.7,9.5,35.4,-20.1,3.7,-19.757,0.25,2.735294117647059,2.2345675846069293
T54,SCC,19,6,0.5-1g,0.5,1,0.7466,Stomiidae,Idiacanthus atlanticus,Tooth,Stomiidae,8.8,10.7,30.4,-19.3,3.5,-19.155,0.75,3.088235294117647,2.55727398727427
T55,SCC,19,6,0-0.5g,0,0.5,0.4613,Stomiidae,Idiacanthus atlanticus,Tooth,Stomiidae,8.8,10.4,31.6,-19.8,3.6,-19.556,0.25,3.0000000000000004,2.473473199811763
T62,SCC,18,6,0-0.5g,0,0.5,0.4324,Stomiidae,Idiacanthus atlanticus,Tooth,Stomiidae,8.9,10.9,29.9,-19.4,3.3,-19.4,0.25,3.147058823529412,2.6143947444673024
T63,SCC,22,6,0-0.5g,0,0.5,0.4075,Stomiidae,Idiacanthus atlanticus,Tooth,Stomiidae,7.2,9.5,26.6,-19.1,3.7,-18.757,0.25,2.735294117647059,2.2345675846069293
Z1-125,SCC,EZ 11,6,0.000001-0.000008g,1e-6,8.18e-6,2.89e-6,Zooplankton,Zooplankton,Zoo,Zooplankton,5.4,5,23.9,-20.4,4.5,-19.265,4.59e-6,1.4117647058823528,1.2525183868908156
Z2-250,SCC,EZ 11,6,0.000008-0.000065g,8.18e-6,6.54e-5,2.31e-5,Zooplankton,Zooplankton,Zoo,Zooplankton,8.2,5.2,36.7,-21.4,4.5,-20.265,3.6790000000000005e-5,1.4705882352941178,1.2902881764947645
Z3-500,SCC,EZ 11,6,0.000065g-0.000524g,6.54e-5,5.24e-4,1.85e-4,Zooplankton,Zooplankton,Zoo,Zooplankton,8.2,6.1,34.8,-20.5,4.2,-19.662,2.947e-4,1.7352941176470589,1.466038418685257
Z4-1000,SCC,EZ 11,6,0.000524-0.004189g,5.24e-4,0.00418879,0.001480961,Zooplankton,Zooplankton,Zoo,Zooplankton,8,6.3,36.4,-20.5,4.6,-19.266,0.0023563950000000003,1.7941176470588234,1.5064502054711344
Z5-2000,SCC,EZ 11,6,0.004189-0.03351g,0.00418879,0.033510322,0.011847688,Zooplankton,Zooplankton,Zoo,Zooplankton,9,6.1,34.1,-20.3,3.8,-19.858,0.018849556,1.7352941176470589,1.466038418685257
G138,SWC,34,6,01-2g,1,2,1.269,Melanocetidae,Melanocetus johnsonii,Tooth,Other,10.7,13,40.5,-19.4,3.8,-18.958,1.5,4.411764705882353,3.646012926448946
G139,SWC,34,6,01-2g,1,2,1.9445,Melanocetidae,Melanocetus johnsonii,Tooth,Other,10.8,11.1,41.1,-19.6,3.8,-19.158,1.5,3.8529411764705883,3.032803044705498
C28,SWC,34,6,0.5-1g,0.5,1,0.9882,Myctophidae,Ceratoscopelus warmingii,Cerato,Myctophidae,12,8.5,40.5,-19.7,3.4,-19.7,0.75,3.088235294117647,2.3488613436137067
C29,SWC,34,6,01-2g,1,2,1.1835,Myctophidae,Ceratoscopelus warmingii,Cerato,Myctophidae,12.4,8.7,42.4,-20.6,3.4,-20.6,1.5,3.1470588235294117,2.3965515478422628
C30,SWC,34,6,01-2g,1,2,1.6768,Myctophidae,Ceratoscopelus warmingii,Cerato,Myctophidae,12.3,8.5,41.5,-20.3,3.4,-20.3,1.5,3.088235294117647,2.3488613436137067
C33,SWC,34,6,01-2g,1,2,1.1355,Myctophidae,Ceratoscopelus warmingii,Cerato,Myctophidae,12.5,8.8,41.9,-20.6,3.3,-20.6,1.5,3.1764705882352944,2.4206677751841137
C34,SWC,34,6,0.5-1g,0.5,1,0.92,Myctophidae,Ceratoscopelus warmingii,Cerato,Myctophidae,12,7.8,42.5,-20.8,3.5,-20.655,0.75,2.8823529411764706,2.187366320946219
C35,SWC,34,6,0.5-1g,0.5,1,0.7608,Myctophidae,Ceratoscopelus warmingii,Cerato,Myctophidae,11.7,7.8,41.8,-20.6,3.6,-20.356,0.75,2.8823529411764706,2.187366320946219
C36,SWC,34,6,0-0.5g,0,0.5,0.2574,Myctophidae,Ceratoscopelus warmingii,Cerato,Myctophidae,11.8,7.3,40.6,-20.9,3.4,-20.9,0.25,2.735294117647059,2.0768398273433313
C37,SWC,34,6,0-0.5g,0,0.5,0.4002,Myctophidae,Ceratoscopelus warmingii,Cerato,Myctophidae,11.9,7.9,41.3,-20.4,3.5,-20.255,0.25,2.9117647058823533,2.2099405684895883
C38,SWC,34,6,0-0.5g,0,0.5,0.3445,Myctophidae,Ceratoscopelus warmingii,Cerato,Myctophidae,11.3,7.7,41.1,-20.7,3.6,-20.456,0.25,2.8529411764705883,2.1649513182772324
C39,SWC,34,6,0-0.5g,0,0.5,0.2973,Myctophidae,Ceratoscopelus warmingii,Cerato,Myctophidae,11.5,7.5,41.8,-20.9,3.6,-20.656,0.25,2.7941176470588234,2.120590170182163
C40,SWC,34,6,0-0.5g,0,0.5,0.4767,Myctophidae,Ceratoscopelus warmingii,Cerato,Myctophidae,11.8,8.6,42.6,-20,3.6,-19.756,0.25,3.1176470588235294,2.3726169760504217
C42,SWC,34,6,0-0.5g,0,0.5,0.308,Myctophidae,Ceratoscopelus warmingii,Cerato,Myctophidae,11.3,7.5,41.4,-20.6,3.7,-20.257,0.25,2.7941176470588234,2.120590170182163
C43,SWC,34,6,0-0.5g,0,0.5,0.4131,Myctophidae,Ceratoscopelus warmingii,Cerato,Myctophidae,11.8,7.6,40,-20.5,3.4,-20.5,0.25,2.8235294117647056,2.14269332949821
C44,SWC,34,6,0-0.5g,0,0.5,0.3232,Myctophidae,Ceratoscopelus warmingii,Cerato,Myctophidae,11.4,7.7,38.7,-20.5,3.4,-20.5,0.25,2.8529411764705883,2.1649513182772324
C46,SWC,34,6,0.5-1g,0.5,1,0.6833,Myctophidae,Ceratoscopelus warmingii,Cerato,Myctophidae,12,7.1,41.5,-21.2,3.5,-21.055,0.75,2.676470588235294,2.033683697695321
C47,SWC,34,6,0.5-1g,0.5,1,0.8243,Myctophidae,Ceratoscopelus warmingii,Cerato,Myctophidae,12.7,8.1,43.7,-20.7,3.4,-20.7,0.75,2.9705882352941178,2.2555759629675443
C48,SWC,34,6,0.5-1g,0.5,1,0.598,Myctophidae,Ceratoscopelus warmingii,Cerato,Myctophidae,13.2,7.9,45.1,-20.5,3.4,-20.5,0.75,2.9117647058823533,2.2099405684895883
C49,SWC,34,6,0.5-1g,0.5,1,0.5042,Myctophidae,Ceratoscopelus warmingii,Cerato,Myctophidae,12.4,8.3,42.4,-20,3.4,-20,0.75,3.0294117647058827,2.3018763325886433
C51,SWC,34,6,01-2g,1,2,1.344,Myctophidae,Ceratoscopelus warmingii,Cerato,Myctophidae,13.4,9,45.8,-20.5,3.4,-20.5,1.5,3.235294117647059,2.469456374811747
C52,SWC,34,6,01-2g,1,2,1.05,Myctophidae,Ceratoscopelus warmingii,Cerato,Myctophidae,13.4,8.6,44.6,-20.1,3.3,-20.1,1.5,3.1176470588235294,2.3726169760504217
C53,SWC,34,6,02-4g,2,4,2.0235,Myctophidae,Ceratoscopelus warmingii,Cerato,Myctophidae,13,8.7,43.8,-20,3.4,-20,3,3.1470588235294117,2.3965515478422628
C54,SWC,34,6,01-2g,1,2,1.82,Myctophidae,Ceratoscopelus warmingii,Cerato,Myctophidae,13.2,9,43.9,-20.1,3.3,-20.1,1.5,3.235294117647059,2.469456374811747
C55,SWC,34,6,02-4g,2,4,2.1541,Myctophidae,Ceratoscopelus warmingii,Cerato,Myctophidae,13.3,9.2,43.9,-20.2,3.3,-20.2,3,3.2941176470588234,2.5190057859710944
C56,SWC,34,6,0.5-1g,0.5,1,0.9555,Myctophidae,Ceratoscopelus warmingii,Cerato,Myctophidae,12.6,8.2,43.3,-20.6,3.4,-20.6,0.75,3,2.27864181689311
C57,SWC,34,6,02-4g,2,4,2.1867,Myctophidae,Ceratoscopelus warmingii,Cerato,Myctophidae,13.7,8.9,45.2,-20.1,3.3,-20.1,3,3.2058823529411766,2.444968436589507
C58,SWC,34,6,01-2g,1,2,1.6025,Myctophidae,Ceratoscopelus warmingii,Cerato,Myctophidae,13.1,9,44,-20,3.4,-20,1.5,3.235294117647059,2.469456374811747
C59,SWC,34,6,02-4g,2,4,2.2335,Myctophidae,Ceratoscopelus warmingii,Cerato,Myctophidae,13.2,9.5,44.8,-19.7,3.4,-19.7,3,3.3823529411764706,2.5948094694789945
C60,SWC,34,6,01-2g,1,2,1.7749,Myctophidae,Ceratoscopelus warmingii,Cerato,Myctophidae,13.7,9.1,45.5,-20.2,3.3,-20.2,1.5,3.264705882352941,2.494134498839597
C61,SWC,34,6,02-4g,2,4,2.5491,Myctophidae,Ceratoscopelus warmingii,Cerato,Myctophidae,12.9,9.2,42.2,-20,3.3,-20,3,3.2941176470588234,2.5190057859710944
C62,SWC,34,6,02-4g,2,4,2.5424,Myctophidae,Ceratoscopelus warmingii,Cerato,Myctophidae,13.3,8.2,44,-20.3,3.3,-20.3,3,3,2.27864181689311
C63,SWC,34,6,02-4g,2,4,2.1635,Myctophidae,Ceratoscopelus warmingii,Cerato,Myctophidae,12.7,8.9,43,-20,3.4,-20,3,3.2058823529411766,2.444968436589507
C65,SWC,34,6,02-4g,2,4,2.7891,Myctophidae,Ceratoscopelus warmingii,Cerato,Myctophidae,13.1,9.2,44,-20.3,3.4,-20.3,3,3.2941176470588234,2.5190057859710944
C72,SWC,34,6,04-8g,4,8,4.1192,Myctophidae,Ceratoscopelus warmingii,Cerato,Myctophidae,13,8.9,43.8,-20.2,3.4,-20.2,6,3.2058823529411766,2.444968436589507
C76,SWC,34,6,04-8g,4,8,4.5982,Myctophidae,Ceratoscopelus warmingii,Cerato,Myctophidae,13.1,9,44.5,-20.2,3.4,-20.2,6,3.235294117647059,2.469456374811747
C77,SWC,34,6,04-8g,4,8,4.4251,Myctophidae,Ceratoscopelus warmingii,Cerato,Myctophidae,12.6,9.5,44.6,-20.3,3.5,-20.155,6,3.3823529411764706,2.5948094694789945
C78,SWC,34,6,04-8g,4,8,4.2705,Myctophidae,Ceratoscopelus warmingii,Cerato,Myctophidae,12.7,8.8,43.1,-20.2,3.4,-20.2,6,3.1764705882352944,2.4206677751841137
C79,SWC,34,6,04-8g,4,8,4.9114,Myctophidae,Ceratoscopelus warmingii,Cerato,Myctophidae,12.2,10.1,43.5,-20.4,3.6,-20.156,6,3.5588235294117645,2.7520677058198233
C80,SWC,34,6,04-8g,4,8,4.525,Myctophidae,Ceratoscopelus warmingii,Cerato,Myctophidae,12.6,9.4,42.8,-20.3,3.4,-20.3,6,3.3529411764705883,2.569340113302972
G132,SWC,34,6,0.5-1g,0.5,1,0.6605,Myctophidae,Lampanyctus 1,Mycto,Myctophidae,12.6,9.8,44.1,-20.4,3.5,-20.255,0.75,3.4705882352941178,2.6724658313142093
G133,SWC,34,6,0.5-1g,0.5,1,0.9571,Myctophidae,Lampanyctus 1,Mycto,Myctophidae,12.8,10.7,42.1,-19.4,3.3,-19.4,0.75,3.7352941176470584,2.9175158721463346
G134,SWC,34,6,0.5-1g,0.5,1,0.7273,Myctophidae,Lampanyctus 1,Mycto,Myctophidae,12,11.6,41.7,-19.6,3.5,-19.455,0.75,4,3.1830552811040893
G135,SWC,34,6,0.5-1g,0.5,1,0.5677,Myctophidae,Lampanyctus 1,Mycto,Myctophidae,12.8,10.2,42.7,-19.8,3.3,-19.8,0.75,3.5882352941176467,2.779051062483257
G136,SWC,34,6,0.5-1g,0.5,1,0.9177,Myctophidae,Notoscopelus resplendens,Mycto,Myctophidae,12.2,10.5,41,-19.4,3.3,-19.4,0.75,3.676470588235294,2.861403840475221
G137,SWC,34,6,0-0.5g,0,0.5,0.3993,Myctophidae,Lampanyctus 1,Mycto,Myctophidae,11.5,11.5,40.9,-19.6,3.6,-19.356,0.25,3.9705882352941178,3.1524310687077657
G23,SWC,34,6,04-8g,4,8,6.4373,Myctophidae,Sybolophorus barnardi,Mycto,Myctophidae,31.3,9.9,99.5,-19.7,3.2,-19.7,6,3.5,2.6987788376669233
G24,SWC,34,6,04-8g,4,8,6.0663,Myctophidae,Symbolophorus evermanni,Mycto,Myctophidae,13.4,10.2,42.8,-19.7,3.2,-19.7,6,3.5882352941176467,2.779051062483257
G26,SWC,34,6,04-8g,4,8,7.4926,Myctophidae,Sybolophorus barnardi,Mycto,Myctophidae,14.1,10.3,44.1,-19.1,3.1,-19.1,6,3.6176470588235294,2.806265524459655
G27,SWC,34,6,04-8g,4,8,5.1495,Myctophidae,Symbolophorus evermanni,Mycto,Myctophidae,13.5,10.3,43.7,-19.9,3.2,-19.9,6,3.6176470588235294,2.806265524459655
G38,SWC,38,6,08-16g,8,16,9.6876,Myctophidae,Sybolophorus barnardi,Mycto,Myctophidae,14.7,11.7,45.9,-19.2,3.1,-19.2,12,4.029411764705882,3.213977517188582
G40,SWC,38,6,0-0.5g,0,0.5,0.4806,Myctophidae,Lampanyctus 1,Mycto,Myctophidae,11.3,8.6,40.1,-20.4,3.6,-20.156,0.25,3.1176470588235294,2.3726169760504217
G43,SWC,39,6,0-0.5g,0,0.5,0.3874,Myctophidae,Lampanyctus 1,Mycto,Myctophidae,11.1,9.4,38.4,-19.3,3.5,-19.155,0.25,3.3529411764705883,2.569340113302972
G44,SWC,39,6,0-0.5g,0,0.5,0.289,Myctophidae,Lampanyctus 1,Mycto,Myctophidae,11.2,9,39.8,-20,3.5,-19.855,0.25,3.235294117647059,2.469456374811747
G46,SWC,39,6,0-0.5g,0,0.5,0.2466,Myctophidae,Lampanyctus 1,Mycto,Myctophidae,11,8.7,40.5,-20,3.7,-19.657,0.25,3.1470588235294117,2.3965515478422628
G47,SWC,39,6,0-0.5g,0,0.5,0.2122,Myctophidae,Lampanyctus 1,Mycto,Myctophidae,10.5,9.5,42.1,-20.1,4,-19.46,0.25,3.3823529411764706,2.5948094694789945
G51,SWC,39,6,0-0.5g,0,0.5,0.0545,Myctophidae,Lampanyctus 1,Mycto,Myctophidae,11.4,9.3,39.2,-20.1,3.4,-20.1,0.25,3.323529411764706,2.5440732839691735
G52,SWC,34,6,08-16g,8,16,8.0123,Myctophidae,Symbolophorus evermanni,Mycto,Myctophidae,14.3,12.2,45.4,-19.6,3.2,-19.6,12,4.1764705882352935,3.3732703214204407
G53,SWC,34,6,04-8g,4,8,5.9653,Myctophidae,Lampandena  luminosa,Mycto,Myctophidae,12.9,10.2,40.1,-19.3,3.1,-19.3,6,3.5882352941176467,2.779051062483257
G54,SWC,34,6,04-8g,4,8,4.0377,Myctophidae,Lampandena  luminosa,Mycto,Myctophidae,13.3,11.6,42.1,-19.2,3.2,-19.2,6,4,3.1830552811040893
G55,SWC,34,6,04-8g,4,8,5.4982,Myctophidae,Symbolophorus evermanni,Mycto,Myctophidae,14.3,11.4,45.1,-19.3,3.2,-19.3,6,3.9411764705882355,3.1220991901819226
G62,SWC,34,6,0.5-1g,0.5,1,0.5258,Myctophidae,Lampanyctus 1,Mycto,Myctophidae,11.5,9.4,42.4,-20.1,3.7,-19.757,0.75,3.3529411764705883,2.569340113302972
G76,SWC,34,6,08-16g,8,16,8.7954,Myctophidae,Sybolophorus barnardi,Mycto,Myctophidae,13.9,10.9,44.4,-19.6,3.2,-19.6,12,3.794117647058824,2.974636629339367
G77,SWC,34,6,04-8g,4,8,7.884,Myctophidae,Sybolophorus barnardi,Mycto,Myctophidae,13.3,12.2,42,-18.8,3.2,-18.8,6,4.1764705882352935,3.3732703214204407
G84,SWC,38,6,08-16g,8,16,11.5858,Myctophidae,Sybolophorus barnardi,Mycto,Myctophidae,13.9,11.7,43.4,-19,3.1,-19,12,4.029411764705882,3.213977517188582
G96,SWC,39,6,0.5-1g,0.5,1,0.5922,Myctophidae,Lampanyctus 1,Mycto,Myctophidae,11.9,9.9,40.4,-19.5,3.4,-19.5,0.75,3.5,2.6987788376669233
G97,SWC,39,6,0-0.5g,0,0.5,0.4483,Myctophidae,Lampanyctus 1,Mycto,Myctophidae,10.8,8.7,36.6,-20.3,3.4,-20.3,0.25,3.1470588235294117,2.3965515478422628
G98,SWC,39,6,0.5-1g,0.5,1,0.5144,Myctophidae,Lampanyctus 1,Mycto,Myctophidae,11.3,10,37,-25.3,3.3,-25.3,0.75,3.5294117647058822,2.725311562403237
H27,SWC,38,6,02-4g,2,4,3.6555,Myctophidae,Hygophum hygomii,Hygo,Myctophidae,13.7,10.5,43.5,-18.9,3.2,-18.9,3,3.676470588235294,2.861403840475221
H28,SWC,38,6,02-4g,2,4,3.663,Myctophidae,Hygophum hygomii,Hygo,Myctophidae,14,10.5,44.5,-19.3,3.2,-19.3,3,3.676470588235294,2.861403840475221
H29,SWC,38,6,02-4g,2,4,3.4785,Myctophidae,Hygophum hygomii,Hygo,Myctophidae,14.1,11.3,45.3,-19,3.2,-19,3,3.9117647058823533,3.0920541171128884
H30,SWC,38,6,02-4g,2,4,2.9544,Myctophidae,Hygophum hygomii,Hygo,Myctophidae,13.5,11.3,44.4,-19.2,3.3,-19.2,3,3.9117647058823533,3.0920541171128884
H31,SWC,38,6,02-4g,2,4,3.5127,Myctophidae,Hygophum hygomii,Hygo,Myctophidae,14.2,11.3,45.3,-19.1,3.2,-19.1,3,3.9117647058823533,3.0920541171128884
H32,SWC,38,6,02-4g,2,4,3.3855,Myctophidae,Hygophum hygomii,Hygo,Myctophidae,14,10.6,44.8,-19.3,3.2,-19.3,3,3.705882352941176,2.8893359972084083
H33,SWC,38,6,02-4g,2,4,3.0622,Myctophidae,Hygophum hygomii,Hygo,Myctophidae,14,11.5,44.7,-18.9,3.2,-18.9,3,3.9705882352941178,3.1524310687077657
H34,SWC,38,6,02-4g,2,4,2.6546,Myctophidae,Hygophum hygomii,Hygo,Myctophidae,13.8,11.3,45,-19.4,3.3,-19.4,3,3.9117647058823533,3.0920541171128884
H40,SWC,38,6,01-2g,1,2,1.9471,Myctophidae,Hygophum hygomii,Hygo,Myctophidae,10.6,10.2,35.5,-19.7,3.4,-19.7,1.5,3.5882352941176467,2.779051062483257
H45,SWC,38,6,0.5-1g,0.5,1,0.6055,Myctophidae,Hygophum hygomii,Hygo,Myctophidae,12.5,8.5,41,-20.1,3.3,-20.1,0.75,3.088235294117647,2.3488613436137067
H46,SWC,38,6,0-0.5g,0,0.5,0.39,Myctophidae,Hygophum hygomii,Hygo,Myctophidae,12.3,8.4,41.1,-20.1,3.3,-20.1,0.25,3.058823529411765,2.3252819948060774
H47,SWC,38,6,0.5-1g,0.5,1,0.7343,Myctophidae,Hygophum hygomii,Hygo,Myctophidae,13.2,9.3,42.4,-19.3,3.2,-19.3,0.75,3.323529411764706,2.5440732839691735
H48,SWC,38,6,0-0.5g,0,0.5,0.2961,Myctophidae,Hygophum hygomii,Hygo,Myctophidae,12.3,11.2,41.3,-19.5,3.4,-19.5,0.25,3.8823529411764706,3.06229047644338
H49,SWC,38,6,0-0.5g,0,0.5,0.261,Myctophidae,Hygophum hygomii,Hygo,Myctophidae,12,9.6,40.5,-19.3,3.4,-19.3,0.25,3.411764705882353,2.620484625466434
H50,SWC,38,6,0-0.5g,0,0.5,0.1644,Myctophidae,Hygophum hygomii,Hygo,Myctophidae,11.7,7.9,39.8,-20.5,3.4,-20.5,0.25,2.9117647058823533,2.2099405684895883
H51,SWC,38,6,0-0.5g,0,0.5,0.2757,Myctophidae,Hygophum hygomii,Hygo,Myctophidae,11.6,8.8,38.7,-19.7,3.3,-19.7,0.25,3.1764705882352944,2.4206677751841137
H52,SWC,38,6,0-0.5g,0,0.5,0.2603,Myctophidae,Hygophum hygomii,Hygo,Myctophidae,12,10.2,40.7,-19.7,3.4,-19.7,0.25,3.5882352941176467,2.779051062483257
H53,SWC,38,6,0-0.5g,0,0.5,0.2677,Myctophidae,Hygophum hygomii,Hygo,Myctophidae,11.9,8.1,39.6,-20.2,3.3,-20.2,0.25,2.9705882352941178,2.2555759629675443
H55,SWC,38,6,0-0.5g,0,0.5,0.1442,Myctophidae,Hygophum hygomii,Hygo,Myctophidae,11.6,9.2,40.8,-20.1,3.5,-19.955,0.25,3.2941176470588234,2.5190057859710944
H56,SWC,38,6,04-8g,4,8,4.28,Myctophidae,Hygophum hygomii,Hygo,Myctophidae,13.4,10.9,42.8,-19.3,3.2,-19.3,6,3.794117647058824,2.974636629339367
H57,SWC,38,6,04-8g,4,8,4.2162,Myctophidae,Hygophum hygomii,Hygo,Myctophidae,13.3,11,41.6,-18.9,3.1,-18.9,6,3.823529411764706,3.003586742518856
H58,SWC,38,6,04-8g,4,8,4.1728,Myctophidae,Hygophum hygomii,Hygo,Myctophidae,13.5,9.8,42.8,-19.1,3.2,-19.1,6,3.4705882352941178,2.6724658313142093
H60,SWC,38,6,04-8g,4,8,4.0582,Myctophidae,Hygophum hygomii,Hygo,Myctophidae,13.4,11.1,43.1,-19.3,3.2,-19.3,6,3.8529411764705883,3.032803044705498
H61,SWC,38,6,04-8g,4,8,4.3038,Myctophidae,Hygophum hygomii,Hygo,Myctophidae,13,10.8,41.2,-18.9,3.2,-18.9,6,3.7647058823529416,2.9459478984450733
H62,SWC,38,6,04-8g,4,8,4.1359,Myctophidae,Hygophum hygomii,Hygo,Myctophidae,13.2,11.2,41.5,-19.3,3.2,-19.3,6,3.8823529411764706,3.06229047644338
H63,SWC,38,6,04-8g,4,8,4.1699,Myctophidae,Hygophum hygomii,Hygo,Myctophidae,13.4,11.2,42.4,-19.2,3.2,-19.2,6,3.8823529411764706,3.06229047644338
H86,SWC,34,6,0.5-1g,0.5,1,0.6456,Myctophidae,Hygophum hygomii,Hygo,Myctophidae,11.7,10.4,44.7,-20.5,3.8,-20.058,0.75,3.6470588235294117,2.8337150846838277
POM5,SWC,EZ12,6,NA,NA,NA,NA,Particulate Organic Matter,Particulate Organic Matter,POM,POM,NA,0.6,NA,-25.2,7.9,-20.699,NA,0.7647058823529411,0.8785082925316939
POM6,SWC,EZ12,6,NA,NA,NA,NA,Particulate Organic Matter,Particulate Organic Matter,POM,POM,NA,0.8,NA,-25.4,8,-20.8,NA,0.8235294117647058,0.9084485129801211
POM7,SWC,EZ12,6,NA,NA,NA,NA,Particulate Organic Matter,Particulate Organic Matter,POM,POM,NA,3.7,NA,-25.7,5.9,-23.179,NA,1.676470588235294,1.3776283031501801
POM8,SWC,EZ12,6,NA,NA,NA,NA,Particulate Organic Matter,Particulate Organic Matter,POM,POM,NA,0.5,NA,-25.1,8.2,-20.302,NA,0.7352941176470588,0.8636433140320285
T37,SWC,34,6,0.5-1g,0.5,1,0.5175,Stomiidae,Astronesthes indicus,Tooth,Stomiidae,12.1,10.2,40.1,-19.1,3.3,-19.1,0.75,3.5882352941176467,2.779051062483257
T38,SWC,34,6,01-2g,1,2,1.3505,Stomiidae,Melanostomias,Tooth,Stomiidae,11.2,13.7,45.3,-19.2,4,-18.56,1.5,4.617647058823529,3.9055185325631316
T41,SWC,34,6,02-4g,2,4,2.7366,Stomiidae,Malacosteus australis,Tooth,Stomiidae,8.6,12.3,48.9,-20.8,5.7,-18.477,3,4.205882352941177,3.4061100651874225
T42,SWC,38,6,0.5-1g,0.5,1,0.5322,Stomiidae,Stomias Boa,Tooth,Stomiidae,11,9.1,36.4,-19,3.3,-19,0.75,3.264705882352941,2.494134498839597
T43,SWC,39,6,0-0.5g,0,0.5,0.1963,Stomiidae,Idiacanthus atlanticus,Tooth,Stomiidae,9.5,9.2,32.6,-19.5,3.4,-19.5,0.25,3.2941176470588234,2.5190057859710944
T44,SWC,39,6,0-0.5g,0,0.5,0.2916,Stomiidae,Idiacanthus atlanticus,Tooth,Stomiidae,9.4,8.8,32.1,-19.6,3.4,-19.6,0.25,3.1764705882352944,2.4206677751841137
T56,SWC,39,6,0-0.5g,0,0.5,0.0817,Stomiidae,Idiacanthus atlanticus,Tooth,Stomiidae,8.5,8.1,32.6,-20.5,3.8,-20.058,0.25,2.9705882352941178,2.2555759629675443
T57,SWC,39,6,0-0.5g,0,0.5,0.1271,Stomiidae,Idiacanthus atlanticus,Tooth,Stomiidae,8.1,9.3,30.8,-19.9,3.8,-19.458,0.25,3.323529411764706,2.5440732839691735
T58,SWC,39,6,0.5-1g,0.5,1,0.7413,Stomiidae,Chauliodus sloani,Tooth,Stomiidae,10.9,10.1,37.4,-19.5,3.4,-19.5,0.75,3.5588235294117645,2.7520677058198233
T59,SWC,39,6,0.5-1g,0.5,1,0.528,Stomiidae,Chauliodus sloani,Tooth,Stomiidae,10.1,10.8,34.9,-19.4,3.4,-19.4,0.75,3.7647058823529416,2.9459478984450733
T61,SWC,38,6,0-0.5g,0,0.5,0.3624,Stomiidae,Chauliodus sloani,Tooth,Stomiidae,11.2,10.2,38.1,-19.4,3.4,-19.4,0.25,3.5882352941176467,2.779051062483257
Z10-2000,SWC,EZ 12,6,0.004189-0.03351g,0.00418879,0.033510322,0.011847688,Zooplankton,Zooplankton,Zoo,Zooplankton,8,6,31.2,-21.3,3.9,-20.759,0.018849556,2.352941176470588,1.8062655244596564
Z6-125,SWC,EZ 12,6,0.000001-0.000008g,1e-6,8.18e-6,2.89e-6,Zooplankton,Zooplankton,Zoo,Zooplankton,7,2.7,32.1,-22.4,4.6,-21.166,4.59e-6,1.3823529411764706,1.2079023060652774
Z7-250,SWC,EZ 12,6,0.000008-0.000065g,8.18e-6,6.54e-5,2.31e-5,Zooplankton,Zooplankton,Zoo,Zooplankton,8.1,3,35.7,-22.8,4.4,-21.764,3.6790000000000005e-5,1.4705882352941178,1.2578750282787798
Z8-500,SWC,EZ 12,6,0.000065g-0.000524g,6.54e-5,5.24e-4,1.85e-4,Zooplankton,Zooplankton,Zoo,Zooplankton,6.5,4.5,26,-21.8,4,-21.16,2.947e-4,1.9117647058823528,1.5202544752224467
Z9-1000,SWC,EZ 12,6,0.000524-0.004189g,5.24e-4,0.00418879,0.001480961,Zooplankton,Zooplankton,Zoo,Zooplankton,7.5,5.5,29.6,-21.5,4,-20.86,0.0023563950000000003,2.2058823529411766,1.708040110904832
